0,"Header",
1001,Output,Revision,TimeSaved,StartTime,StopTime,Duration,SegmentName,ServerName,TimeZone,
1,="ExpertSniffer",="1.0",6/2/95 03:45:00,6/2/95 03:30:04,6/2/95 03:45:00,893,="133",="DSS-133","PST8PDT",

0,"Contents",
1100,,Config,GlobalStats,ExpOverview,DLCStations,Subnets,SubnetPairs,NetStations,Conns,SpanChanges,ZIPStorms,Bursts,DLCDiags,NetDiags,ConnDiags,AppDiags,
100,Saved?,1,1,1,1,1,1,1,1,1,1,1,1,1,1,1,
101,Rows,4,7,3,90,36,13,138,82,0,0,0,0,1,3,0,

0,"Expert Database Info",
1150,,DLC,NetApple,NetDEC,NetIP,NetISO,NetNov,NetXNS,CnxADSP,CnxATP,CnxDEC,CnxISO,CnxLAT,CnxNBP,CnxNETB,CnxNETBPEP,CnxNOVPEP,CnxTCP,CnxUDP,CnxXNSPEP,CnxSPP,CnxX25,Appl,Subnet,SubnetPair,SpanChange,ZIPStorm,Burst,Diag,
150,OnHand,90,0,0,53,0,85,0,0,0,0,0,0,0,1,0,18,11,6,0,46,0,29,36,13,0,0,0,4,
151,Recycled,0,0,0,0,0,0,0,0,0,0,0,0,0,0,0,0,0,0,0,0,0,0,0,0,0,0,0,0,
152,RanOut?,0,0,0,0,0,0,0,0,0,0,0,0,0,0,0,0,0,0,0,0,0,0,0,0,0,0,0,0,
153,OutTime,,,,,,,,,,,,,,,,,,,,,,,,,,,,,

0,"Expert Configuration",

0,"DLC Station Thresholds",
1200,WANOverload,LANOverload,OverloadTim,WANUndrload,UndrloadTim,LANOverldP,BroadcastSy,BroadcastDg,ZIPStorm,CongestionP,RingEntries,RXCong,StnRemoved,RingErrors,RngPurgeSy,RngPurgeDg,PhysicalErr,
200,,30,,,,20,40,120,10,10,,,,,,,4,

0,"Network Station Thresholds",
1201,DECHello,DuplicateP,MultRouters,
201,10,10,3,

0,"Connection Thresholds",
1202,NoResponses,RetransP,ZeroWindow,IdleTimer,FastRetrans,TCPKeepAlv,DECKeepAlv,PAPWait,
202,3,10,5,10,100,25,5,120,

0,"Application Thresholds",
1203,MinApplReq,RespTime,SlowRespP,FilterTime,DeniedCount,DeniedReqP,LoopP,LocalXfer,RemoteXfer,SlowFileP,
203,100,100,20,1,2,20,30,200,50,30,

0,"Subnet Masks",
1250,IPNetAddr,SubnetMask,
250,="<ClassA>",="[255.255.0.0]",
250,="<ClassB>",="[255.255.255.0]",
250,="<ClassC>",="[255.255.255.0]",


0,"Global Statistics",

0,"General",
1300,Bandwidth,Frms,FrmsAnal,PAnal,ByteBlocks,BlockSize,ByteRemainder,
300,10000000,53372,53372,100,0,16777215,14492210,

0,"Traffic Level",
1301,,Avg,Curr,Max,
301,Util,1,8,28,
302,DTEUtil,,,,
303,DCEUtil,,,,
304,Pkts/sec,49,414,636,

0,"Traffic by Protocol Family",
1305,,AppleTalk,Banyan,DECnet,MAC,NetBIOS,NetWare,OSI,SNA,TCPIP,XNS,HDLCSDLC,X25,FrmRelay,Others,
305,%Bytes,0.00,0.00,0.00,,0.34,86.54,0.00,0.00,11.92,0.00,,,,1.17,
306,Frms,0,0,0,,312,39425,0,0,12450,0,,,,1185,

0,"Expert Overview",
1400,,Apps,Conns,NetStations,Subnets,SubnetPairs,DLCStations,GlobalSymps,
400,Objects,29,82,138,36,13,90,,
401,Symps,1853,378,2420,,,0,0,
402,Diags,0,3,1,,,0,,

0,"DLC Stations",
1500,Obj,1stFrm,LastFrm,Protocol,Addr,Name,Type,Router,Server,FrmsOut,BytesOut,FrmsIn,BytesIn,BroadsOut,PhysErrsOut,PhysErrsIn,
500,2,6/2/95 03:30:05,6/2/95 03:45:00,"Ethernet (Netware)",="00805F68B148",="NGC_________________________...","NetWare Server/Router",64,1,20472,11072660,15217,1078342,30,0,0,
500,17,6/2/95 03:30:05,6/2/95 03:44:56,"Ethernet (NetBIOS (IBM), IP, Netware, ARP)",="0020AF6C2BBC",,"Workstation",0,0,1037,129850,679,70476,549,0,0,
500,1,6/2/95 03:30:05,6/2/95 03:44:59,"Ethernet (Netware)",="Intel 54082F",="NP54082F","Peripheral Device",0,9,908,55630,885,53100,23,0,0,
500,27,6/2/95 03:30:05,6/2/95 03:45:00,"Ethernet (IP, ARP)",="SynOpt0406D6",,"TCP/IP Rtr",8,0,4567,647431,5181,754967,105,0,0,
500,34,6/2/95 03:30:06,6/2/95 03:44:59,"Ethernet (IP, Netware, NetBIOS (IBM))",="3Com  86AA19",,"Workstation",0,0,1834,113614,889,213816,6,0,0,
500,42,6/2/95 03:30:06,6/2/95 03:45:00,"Ethernet (Netware, IP, ARP)",="cisco 09752C",,"NetWare, TCP/IP Rtr",72,0,4386,739920,2649,310270,269,0,0,
500,28,6/2/95 03:30:05,6/2/95 03:44:59,"Ethernet (IP, SNAP, Netware, ARP)",="SynOpt0465AE",="bvrton-nmm","NetWare Svr",0,1,1079,65440,873,52380,207,0,0,
500,3,6/2/95 03:30:05,6/2/95 03:44:58,"Ethernet (Netware)",="H-P   723134",="0800097231340381HPIVSI","NetWare Svr",0,1,482,29720,466,27960,16,0,0,
500,68,6/2/95 03:30:07,6/2/95 03:45:00,"Ethernet (IP, ARP)",="Novell4D8408",,"Workstation",0,0,2401,379318,3531,475278,0,0,0,
500,48,6/2/95 03:30:06,6/2/95 03:44:59,"Ethernet (Netware)",="H-P   77F57F",="08000977F57F038FBVRTONHP3SI","NetWare Svr",0,1,489,30090,474,28440,15,0,0,
500,56,6/2/95 03:30:06,6/2/95 03:44:59,"Ethernet (Netware)",="H-P   59F421",="08000959F421038DBVRTONHP4","NetWare Svr",0,1,490,30200,474,28440,16,0,0,
500,60,6/2/95 03:30:07,6/2/95 03:44:59,"Ethernet (Netware)",="H-P   0FF603",="BVRTN_HP4SI","NetWare Svr",0,1,490,30200,474,28440,16,0,0,
500,41,6/2/95 03:30:06,6/2/95 03:44:58,"Ethernet (Netware)",="0020AF413EB7",,"Workstation",0,0,3,180,599,35940,0,0,0,
500,64,6/2/95 03:30:07,6/2/95 03:44:57,"Ethernet (Netware)",="H-P   2251C3",="0800092251C30304BVRTON_LAB_H...","Peripheral Device",0,9,361,22260,349,20940,12,0,0,
500,11,6/2/95 03:30:05,6/2/95 03:44:57,"Ethernet (Netware)",="Castel388080",="TECH_PHASERII","Peripheral Device",0,9,201,13460,173,10380,28,0,0,
500,84,6/2/95 03:30:12,6/2/95 03:41:01,"Ethernet (ARP)",="NwkGnl08374F",,"Workstation",0,0,16,960,0,0,16,0,0,
500,85,6/2/95 03:30:14,6/2/95 03:45:00,"Ethernet (Netware)",="3Com  E8E599",="SERVER_O________________AHE_...","NetWare Svr",0,1,11090,819262,16222,10794068,17,0,0,
500,25,6/2/95 03:30:05,6/2/95 03:44:51,"Ethernet (IP, Netware, NetBIOS (IBM))",="00805F88FE67",,"NetWare Rtr",64,0,125,27449,27,2070,94,0,0,
500,89,6/2/95 03:30:15,6/2/95 03:44:56,"Ethernet (Netware, NetBIOS (IBM), NetWare, IP)",="3Com  BE91A4",,"Workstation",0,0,129,12021,112,10186,19,0,0,
500,52,6/2/95 03:30:06,6/2/95 03:44:56,"Ethernet (Netware, IP, NetBIOS (IBM))",="0020AF19CC84",,"Workstation",0,0,31,4226,30,2480,14,0,0,
500,109,6/2/95 03:30:21,6/2/95 03:44:49,"Ethernet (Netware, NetBIOS (IBM), IP)",="0020AF1A7857",,"Workstation",0,0,260,21923,233,17854,36,0,0,
500,110,6/2/95 03:30:21,6/2/95 03:44:49,"Ethernet (Netware, IP, NetBIOS (IBM), ARP)",="WstDig91252D",="BART","NetWare Svr",0,1,162,16967,84,7270,69,0,0,
500,135,6/2/95 03:30:26,6/2/95 03:44:35,"Ethernet (Netware, IP)",="3Com  B9EFFC",,"Workstation",0,0,133,12653,170,15494,24,0,0,
500,19,6/2/95 03:30:05,6/2/95 03:44:49,"Ethernet (NetBIOS (IBM), Netware)",="0020AF06B9F7",,"Workstation",0,0,196,17306,166,12095,31,0,0,
500,141,6/2/95 03:30:35,6/2/95 03:44:59,"Ethernet (Netware)",="Castel387CBA",="OKI","Peripheral Device",0,9,371,23952,341,22452,30,0,0,
500,167,6/2/95 03:31:01,6/2/95 03:44:43,"Ethernet (Netware)",="0020AF534D3C",,"Workstation",0,0,125,12376,111,11498,15,0,0,
500,132,6/2/95 03:30:22,6/2/95 03:42:42,"Ethernet (Netware, NetBIOS (IBM))",="0020AF2318C9",,"Workstation",0,0,24,3252,15,1308,18,0,0,
500,18,6/2/95 03:30:05,6/2/95 03:44:23,"Ethernet (NetBIOS (IBM), Netware, ARP, IP)",="0020AF40CE1B",,"Workstation",0,0,103,12059,72,7090,35,0,0,
500,144,6/2/95 03:30:40,6/2/95 03:44:23,"Ethernet (Netware, IP)",="0020AF308EAC",,"Workstation",0,0,106,11946,121,11068,50,0,0,
500,158,6/2/95 03:30:55,6/2/95 03:44:44,"Ethernet (Netware, IP)",="3Com  86AA16",,"NetWare Svr",0,1,105,12133,112,10528,55,0,0,
500,143,6/2/95 03:30:36,6/2/95 03:44:23,"Ethernet (NetBIOS (IBM), Netware)",="0020AF534CB0",,"Workstation",0,0,74,8378,6,462,9,0,0,
500,16,6/2/95 03:30:05,6/2/95 03:44:34,"Ethernet (NetBIOS (IBM), Netware, IP)",="0020AF4D7F33",,"Workstation",0,0,77,7683,67,5890,18,0,0,
500,185,6/2/95 03:31:10,6/2/95 03:44:23,"Ethernet (Netware, NetBIOS (IBM), IP)",="0020AF2318DC",,"Workstation",0,0,74,8562,6,462,9,0,0,
500,191,6/2/95 03:31:10,6/2/95 03:44:23,"Ethernet (Netware, NetBIOS (IBM))",="3Com  86AA14",,"Workstation",0,0,71,7800,6,462,6,0,0,
500,187,6/2/95 03:31:10,6/2/95 03:44:23,"Ethernet (Netware, NetBIOS (IBM))",="3Com  E861DB",,"Workstation",0,0,71,7840,6,462,6,0,0,
500,193,6/2/95 03:31:10,6/2/95 03:44:23,"Ethernet (Netware, NetBIOS (IBM))",="0020AF19CB3B",,"Workstation",0,0,77,8590,9,642,9,0,0,
500,189,6/2/95 03:31:10,6/2/95 03:44:23,"Ethernet (Netware, IP)",="0020AFD39855",,"Workstation",0,0,88,7977,82,6886,17,0,0,
500,178,6/2/95 03:31:10,6/2/95 03:44:23,"Ethernet (Netware, NetBIOS (IBM))",="0020AF534BDE",,"Workstation",0,0,71,7834,6,462,6,0,0,
500,182,6/2/95 03:31:10,6/2/95 03:44:23,"Ethernet (Netware, NetBIOS (IBM))",="0020AF252E02",,"Workstation",0,0,71,7940,6,462,6,0,0,
500,55,6/2/95 03:30:06,6/2/95 03:44:56,"Ethernet (Netware)",="0020AF19CB0C",,"Workstation",0,0,16,984,16,1008,0,0,0,
500,175,6/2/95 03:31:06,6/2/95 03:43:13,"Ethernet (Netware, IP)",="0020AF16EF02",,"Workstation",0,0,21,1380,9,540,0,0,0,
500,100,6/2/95 03:30:16,6/2/95 03:44:33,"Ethernet (IP, ARP)",="Sun   09A234",,"Probable Router",1,0,81,8519,65,5480,0,0,0,
500,161,6/2/95 03:30:59,6/2/95 03:44:59,"Ethernet (IP, Netware)",="0020AF07DB39",,"Workstation",0,0,3,180,18,1080,0,0,0,
500,130,6/2/95 03:30:22,6/2/95 03:44:36,"Ethernet (Netware, NetBIOS (IBM))",="0020AF53438E",,"Workstation",0,0,24,3270,15,1308,18,0,0,
500,81,6/2/95 03:30:11,6/2/95 03:44:20,"Ethernet (Netware, IP)",="H-P   79BEB0",="08000979BEB0038DHP560COLOR","NetWare Svr",0,1,22,2966,3,180,19,0,0,
500,174,6/2/95 03:31:06,6/2/95 03:43:13,"Ethernet (Netware)",="3Com  B9EFFD",,"Workstation",0,0,9,540,9,540,0,0,0,
500,54,6/2/95 03:30:06,6/2/95 03:44:56,"Ethernet (Netware, IP, ARP)",="0020AF07DA2A",,"Workstation",0,0,12,738,12,720,1,0,0,
500,79,6/2/95 03:30:09,6/2/95 03:44:30,"Ethernet (Netware, NetBIOS (IBM))",="0020AF413E60",,"Workstation",0,0,27,4262,83,7700,20,0,0,
500,15,6/2/95 03:30:05,6/2/95 03:44:13,"Ethernet (NetBIOS (IBM), Netware)",="0020AF2319A1",,"Workstation",0,0,24,3678,9,540,12,0,0,
500,126,6/2/95 03:30:22,6/2/95 03:43:13,"Ethernet (Netware, IP)",="0020AF1ECC08",,"Workstation",0,0,18,1200,6,360,0,0,0,
500,267,6/2/95 03:32:21,6/2/95 03:43:57,"Ethernet (Netware)",="0020AF413EB5",,"Workstation",0,0,6,360,6,360,0,0,0,
500,53,6/2/95 03:30:06,6/2/95 03:44:56,"Ethernet (Netware)",="0020AFD33027",,"Workstation",0,0,10,600,10,600,0,0,0,
500,201,6/2/95 03:31:22,6/2/95 03:44:22,"Ethernet (Netware)",="0020AF413E9D",,"Workstation",0,0,7,1148,3,180,0,0,0,
500,195,6/2/95 03:31:22,6/2/95 03:44:26,"Ethernet (Netware, NetBIOS (IBM))",="Novell4E5514",,"Workstation",0,0,5,540,3,180,2,0,0,
500,297,6/2/95 03:34:44,6/2/95 03:43:50,"Ethernet (Netware, Novell, NetBIOS (IBM), IP)",="0020AF6E3E4F",,"Workstation",0,0,75,9751,12,1128,62,0,0,
500,123,6/2/95 03:30:22,6/2/95 03:40:16,"Ethernet (Netware)",="0020AF252F7E",,"Workstation",0,0,3,180,3,180,0,0,0,
500,124,6/2/95 03:30:22,6/2/95 03:40:16,"Ethernet (Netware)",="0020AF19F187",,"Workstation",0,0,3,180,3,180,0,0,0,
500,125,6/2/95 03:30:22,6/2/95 03:40:16,"Ethernet (Netware)",="0020AF304F72",,"Workstation",0,0,3,180,3,180,0,0,0,
500,127,6/2/95 03:30:22,6/2/95 03:40:16,"Ethernet (Netware)",="0020AF17AB67",,"Workstation",0,0,3,180,3,180,0,0,0,
500,128,6/2/95 03:30:22,6/2/95 03:40:16,"Ethernet (Netware)",="0020AF19CB12",,"Workstation",0,0,3,180,3,180,0,0,0,
500,129,6/2/95 03:30:22,6/2/95 03:40:16,"Ethernet (Netware)",="0020AF07DA30",,"Workstation",0,0,3,180,3,180,0,0,0,
500,131,6/2/95 03:30:22,6/2/95 03:40:16,"Ethernet (Netware)",="0020AF37DCE8",,"Workstation",0,0,3,180,3,180,0,0,0,
500,202,6/2/95 03:31:22,6/2/95 03:41:15,"Ethernet (Netware, IP)",="0020AF07DB6E",,"Workstation",0,0,15,1020,3,180,0,0,0,
500,326,6/2/95 03:36:05,6/2/95 03:38:59,"Ethernet (IP)",="0020AF07DAE2",,"Workstation",0,0,12,840,0,0,0,0,0,
500,196,6/2/95 03:31:22,6/2/95 03:41:15,"Ethernet (Netware)",="0020AF06BA4D",,"Workstation",0,0,3,180,3,180,0,0,0,
500,197,6/2/95 03:31:22,6/2/95 03:41:15,"Ethernet (Netware)",="0020AF259789",,"Workstation",0,0,3,180,3,180,0,0,0,
500,198,6/2/95 03:31:22,6/2/95 03:41:15,"Ethernet (Netware)",="3Com  B9D332",,"Workstation",0,0,3,180,3,180,0,0,0,
500,199,6/2/95 03:31:22,6/2/95 03:41:15,"Ethernet (Netware)",="0020AF1A315E",,"Workstation",0,0,3,180,3,180,0,0,0,
500,200,6/2/95 03:31:22,6/2/95 03:41:15,"Ethernet (Netware)",="0020AF271E3D",,"Workstation",0,0,3,180,3,180,0,0,0,
500,263,6/2/95 03:32:21,6/2/95 03:42:14,"Ethernet (Netware)",="0020AF413EAB",,"Workstation",0,0,6,462,3,180,0,0,0,
500,260,6/2/95 03:32:21,6/2/95 03:42:14,"Ethernet (Netware)",="0020AF259770",,"Workstation",0,0,12,788,12,3306,0,0,0,
500,261,6/2/95 03:32:21,6/2/95 03:42:14,"Ethernet (Netware)",="3Com  B9EFD0",,"Workstation",0,0,3,180,3,180,0,0,0,
500,262,6/2/95 03:32:21,6/2/95 03:42:14,"Ethernet (Netware)",="0020AF259771",,"Workstation",0,0,3,180,3,180,0,0,0,
500,264,6/2/95 03:32:21,6/2/95 03:42:14,"Ethernet (Netware)",="0020AF23198D",,"Workstation",0,0,3,180,3,180,0,0,0,
500,265,6/2/95 03:32:21,6/2/95 03:42:14,"Ethernet (Netware)",="0020AF37C34B",,"Workstation",0,0,3,180,3,180,0,0,0,
500,266,6/2/95 03:32:21,6/2/95 03:42:14,"Ethernet (Netware)",="0020AF271E44",,"Workstation",0,0,3,180,3,180,0,0,0,
500,268,6/2/95 03:32:21,6/2/95 03:42:14,"Ethernet (Netware)",="0020AF234510",,"Workstation",0,0,3,180,3,180,0,0,0,
500,269,6/2/95 03:32:21,6/2/95 03:42:14,"Ethernet (Netware)",="0020AF235D41",,"Workstation",0,0,3,180,3,180,0,0,0,
500,275,6/2/95 03:33:20,6/2/95 03:43:13,"Ethernet (Netware)",="0020AF06BA49",,"Workstation",0,0,3,180,3,180,0,0,0,
500,276,6/2/95 03:33:20,6/2/95 03:43:13,"Ethernet (Netware)",="0020AF07DB71",,"Workstation",0,0,3,180,3,180,0,0,0,
500,277,6/2/95 03:33:20,6/2/95 03:43:13,"Ethernet (Netware)",="3Com  86AA18",,"Workstation",0,0,3,180,3,180,0,0,0,
500,278,6/2/95 03:33:20,6/2/95 03:43:13,"Ethernet (Netware)",="0020AF07DAD8",,"Workstation",0,0,3,180,3,180,0,0,0,
500,279,6/2/95 03:33:20,6/2/95 03:43:13,"Ethernet (Netware)",="0020AF19CAFC",,"Workstation",0,0,3,180,3,180,0,0,0,
500,288,6/2/95 03:34:20,6/2/95 03:44:13,"Ethernet (Netware)",="0020AF413EA9",,"Workstation",0,0,3,180,3,180,0,0,0,
500,289,6/2/95 03:34:20,6/2/95 03:44:13,"Ethernet (Netware)",="3Com  CC0D35",,"Workstation",0,0,3,180,3,180,0,0,0,
500,290,6/2/95 03:34:20,6/2/95 03:44:13,"Ethernet (Netware)",="0020AF06BB90",,"Workstation",0,0,3,180,3,180,0,0,0,
500,291,6/2/95 03:34:20,6/2/95 03:44:13,"Ethernet (Netware)",="0020AF1A75BE",,"Workstation",0,0,3,180,3,180,0,0,0,
500,292,6/2/95 03:34:20,6/2/95 03:44:13,"Ethernet (Netware)",="0020AF252F9C",,"Workstation",0,0,3,180,3,180,0,0,0,
500,293,6/2/95 03:34:20,6/2/95 03:44:13,"Ethernet (Netware)",="0020AF23452B",,"Workstation",0,0,3,180,3,180,0,0,0,
500,294,6/2/95 03:34:20,6/2/95 03:44:13,"Ethernet (Netware)",="0020AF1A7850",,"Workstation",0,0,3,180,3,180,0,0,0,

0,"Subnets",
1501,Obj,Class,Protocol,Addr,Name,Local,DLCs,DLCObj1,Hops1,DLCObj2,Hops2,DLCObj3,Hops3,DLCObj4,Hops4,DLCObj5,Hops5,DLCObj6,Hops6,DLCObj7,Hops7,DLCObj8,Hops8,Zones,
501,7,5,"IPX",="52",,1,0,,,,,,,,,,,,,,,,,,
501,22,3,"IP",="[161.69.133]",,1,0,,,,,,,,,,,,,,,,,,
501,37,3,"IP",="[161.69.134]",,0,1,27,1,,,,,,,,,,,,,,,,
501,45,5,"IPX",="21",,0,1,42,2,,,,,,,,,,,,,,,,
501,70,3,"IP",="[161.69.135]",,0,1,27,2,,,,,,,,,,,,,,,,
501,75,3,"IP",="[161.69.136]",,0,1,27,2,,,,,,,,,,,,,,,,
501,78,3,"IP",="[161.69.4]",,0,1,42,3,,,,,,,,,,,,,,,,
501,94,3,"IP",="[192.203.133]",,0,0,,,,,,,,,,,,,,,,,,
501,102,3,"IP",="[198.145.88]",,0,0,,,,,,,,,,,,,,,,,,
501,115,5,"IPX",="2F098E0B",="ODIN",0,1,42,2,,,,,,,,,,,,,,,,
501,120,3,"IP",="[161.69.3]",,0,1,42,3,,,,,,,,,,,,,,,,
501,150,5,"IPX",="DAD",="MOM",0,1,42,2,,,,,,,,,,,,,,,,
501,164,3,"IP",="[161.69.13]",,0,1,42,2,,,,,,,,,,,,,,,,
501,204,5,"IPX",="10044",="QASRV",0,1,42,2,,,,,,,,,,,,,,,,
501,207,5,"IPX",="1776",="TRACE2",0,1,42,2,,,,,,,,,,,,,,,,
501,209,5,"IPX",="5",,0,1,42,3,,,,,,,,,,,,,,,,
501,211,5,"IPX",="7",,0,1,42,3,,,,,,,,,,,,,,,,
501,213,5,"IPX",="2ED36EEB",="LOKI",0,1,42,2,,,,,,,,,,,,,,,,
501,215,5,"IPX",="6",,0,1,42,3,,,,,,,,,,,,,,,,
501,217,5,"IPX",="505",="SALES",0,1,42,2,,,,,,,,,,,,,,,,
501,219,5,"IPX",="10651112",,0,1,42,2,,,,,,,,,,,,,,,,
501,221,5,"IPX",="4500",="BIZ-ONE",0,1,42,2,,,,,,,,,,,,,,,,
501,223,5,"IPX",="362432",="MFGSRV",0,1,42,2,,,,,,,,,,,,,,,,
501,225,5,"IPX",="20394802",="RND",0,1,42,2,,,,,,,,,,,,,,,,
501,227,5,"IPX",="AA1",="APPLE",0,1,42,2,,,,,,,,,,,,,,,,
501,229,5,"IPX",="30495494",="SERVICES",0,1,42,2,,,,,,,,,,,,,,,,
501,231,5,"IPX",="100065",,0,1,42,3,,,,,,,,,,,,,,,,
501,233,5,"IPX",="3",,0,1,42,3,,,,,,,,,,,,,,,,
501,235,5,"IPX",="A304548F",="EPS_04548F",0,1,42,3,,,,,,,,,,,,,,,,
501,237,5,"IPX",="9",,0,1,42,3,,,,,,,,,,,,,,,,
501,240,5,"IPX",="A",,0,1,42,2,,,,,,,,,,,,,,,,
501,243,5,"IPX",="4",,0,1,42,3,,,,,,,,,,,,,,,,
501,248,3,"IP",="[161.69.2]",,0,1,42,2,,,,,,,,,,,,,,,,
501,252,5,"IPX",="8",,0,1,42,3,,,,,,,,,,,,,,,,
501,318,3,"IP",="[134.10.2]",,0,0,,,,,,,,,,,,,,,,,,
501,344,3,"IP",="[169.69.133]",,0,0,,,,,,,,,,,,,,,,,,

0,"Subnet Pairs",
1502,Obj,Class,Protocol,Obj1,Obj2,Addr1,Addr2,Hops1,Hops2,Hops1to2,Frms,CnxSymps,AppSymps,
502,9,5,"IPX",7,7,="52",="52",0,0,0,24991,302,1842,
502,39,3,"IP",22,37,="[161.69.133]",="[161.69.134]",0,1,1,2640,0,0,
502,47,5,"IPX",45,7,="21",="52",2,0,2,596,0,0,
502,105,3,"IP",22,102,="[161.69.133]",="[198.145.88]",0,0,0,28,0,0,
502,117,5,"IPX",7,115,="52",="2F098E0B",0,2,2,84,0,0,
502,122,3,"IP",120,22,="[161.69.3]",="[161.69.133]",3,0,3,83,19,0,
502,152,5,"IPX",7,150,="52",="DAD",0,2,2,379,3,11,
502,166,3,"IP",164,22,="[161.69.13]",="[161.69.133]",2,0,2,17,0,0,
502,306,3,"IP",248,37,="[161.69.2]",="[161.69.134]",2,1,3,284,2,0,
502,320,3,"IP",318,37,="[134.10.2]",="[161.69.134]",0,1,1,792,52,0,
502,331,3,"IP",120,70,="[161.69.3]",="[161.69.135]",3,2,5,3,0,0,
502,353,3,"IP",22,22,="[161.69.133]",="[161.69.133]",0,0,0,22,0,0,
502,385,3,"IP",248,22,="[161.69.2]",="[161.69.133]",2,0,2,27,0,0,

0,"Network Stations",
1503,Obj,Class,1stFrm,LastFrm,Protocol,Addr,Name,Type,Router,Server,Broadcast,SubnetObj,Hops,DLCs,DLCObj1,SrcDst1,DLCObj2,SrcDst2,DLCObj3,SrcDst3,DLCObj4,SrcDst4,DLCObj5,SrcDst5,DLCObj6,SrcDst6,DLCObj7,SrcDst7,DLCObj8,SrcDst8,FrmsOut,BytesOut,FrmsIn,BytesIn,Conns,SNMPs,ICMPs,DNSs,ARPs,DuplAddr,ZeroBroads,BroadSrc,BadMask,MultiRtrLoc,MultiRtrRem,BadAdv,FragsLost,FragOrder,DestUnreachs,SrcQuenchs,Redirects,TimeExcds,BadAddr,SmallHello,BadHops,BadRTMP,LocalClash,RangeClash,ZIPQuery,Phase12,Rtr2Nowhere,
503,4,5,6/2/95 03:30:05,6/2/95 03:45:00,"IPX",="2ED274A6.1",="NGC____________________________","NetWare Server",0,1,0,7,0,1,2,3,,,,,,,,,,,,,,,20130,11049470,15016,1066282,18,,,,,0,0,0,0,0,0,0,,,,,,,,,,,,,,,,
503,20,3,6/2/95 03:30:05,6/2/95 03:44:32,"IP",="[161.69.133.255]",,"Subnet Broadcast",0,0,4,,,0,,,,,,,,,,,,,,,,,0,0,146,24989,0,0,0,0,0,0,0,0,0,0,0,,0,0,0,0,0,0,,,,,,,,,,
503,36,3,6/2/95 03:30:06,6/2/95 03:44:59,"IP",="[161.69.134.3]",,"Workstation",0,0,0,37,1,1,27,3,,,,,,,,,,,,,,,880,213174,1760,105600,1,0,0,0,0,0,0,0,0,0,0,,0,0,0,0,0,0,,,,,,,,,,
503,35,3,6/2/95 03:30:06,6/2/95 03:44:59,"IP",="[161.69.133.70]",,"Workstation",0,0,0,22,0,1,34,3,,,,,,,,,,,,,,,1760,105600,880,213174,1,0,0,0,0,0,0,0,0,0,0,,0,0,0,0,0,0,,,,,,,,,,
503,29,3,6/2/95 03:30:05,6/2/95 03:44:59,"IP",="[161.69.133.252]",,"TCP/IP Router",8,0,0,22,0,1,27,3,,,,,,,,,,,,,,,961,63054,874,52440,0,0,1744,0,3,0,0,0,0,0,0,,0,0,0,0,0,0,,,,,,,,,,
503,30,3,6/2/95 03:30:05,6/2/95 03:44:59,"IP",="[161.69.133.249]",,"Workstation",0,0,0,22,0,1,28,3,,,,,,,,,,,,,,,872,52320,873,52380,0,0,1744,0,1,0,0,0,0,0,0,,0,0,0,0,0,0,,,,,,,,,,
503,31,5,6/2/95 03:30:06,6/2/95 03:44:59,"IPX",="52.Intel 54082F",="NP54082F","Peripheral Device",0,9,0,7,0,1,1,3,,,,,,,,,,,,,,,907,55520,885,53100,1,,,,,0,0,0,0,0,0,0,,,,,,,,,,,,,,,,
503,6,5,6/2/95 03:30:05,6/2/95 03:44:58,"IPX",="52.H-P   723134",="0800097231340381HPIVSI","NetWare Server",0,1,0,7,0,1,3,3,,,,,,,,,,,,,,,482,29720,466,27960,1,,,,,0,0,0,0,0,0,0,,,,,,,,,,,,,,,,
503,71,3,6/2/95 03:30:07,6/2/95 03:45:00,"IP",="[161.69.133.2]",,"Workstation",0,0,0,22,0,2,68,3,42,1,,,,,,,,,,,,,2844,399287,2843,343586,0,2727,2959,0,1,0,0,0,0,1,0,,0,0,0,0,1131,0,,,,,,,,,,
503,69,3,6/2/95 03:30:07,6/2/95 03:44:59,"IP",="[161.69.135.2]",,"Workstation",0,0,0,70,2,2,42,2,27,3,,,,,,,,,,,,,744,109460,1121,149364,0,1299,566,0,0,0,0,0,0,0,1,,0,0,0,0,0,0,,,,,,,,,,
503,73,3,6/2/95 03:30:07,6/2/95 03:44:59,"IP",="[161.69.134.2]",,"Workstation",0,0,0,37,1,2,42,2,27,3,,,,,,,,,,,,,473,71930,848,116716,0,760,561,0,0,0,0,0,0,0,1,,0,0,0,0,0,0,,,,,,,,,,
503,72,3,6/2/95 03:30:07,6/2/95 03:45:00,"IP",="[161.69.133.253]",,"TCP/IP Router",8,0,0,22,0,1,42,1,,,,,,,,,,,,,,,1220,114612,0,0,0,0,1131,0,2,0,0,0,0,0,0,,0,0,0,0,1131,0,,,,,,,,,,
503,74,3,6/2/95 03:30:07,6/2/95 03:45:00,"IP",="[161.69.136.2]",,"Workstation",0,0,0,75,2,2,42,2,27,3,,,,,,,,,,,,,489,80977,868,130975,0,656,701,0,0,0,0,0,0,0,1,,0,0,0,0,0,0,,,,,,,,,,
503,23,5,6/2/95 03:30:05,6/2/95 03:44:52,"IPX",="52.FFFFFFFFFFFF",,"All Ones Broadcast",0,0,1,7,0,0,,,,,,,,,,,,,,,,,0,0,1105,172850,0,,,,,0,0,0,0,0,0,0,,,,,,,,,,,,,,,,
503,49,5,6/2/95 03:30:06,6/2/95 03:44:59,"IPX",="52.H-P   77F57F",="08000977F57F038FBVRTONHP3SI","NetWare Server",0,1,0,7,0,1,48,3,,,,,,,,,,,,,,,489,30090,474,28440,1,,,,,0,0,0,0,0,0,0,,,,,,,,,,,,,,,,
503,57,5,6/2/95 03:30:06,6/2/95 03:44:59,"IPX",="52.H-P   59F421",="08000959F421038DBVRTONHP4","NetWare Server",0,1,0,7,0,1,56,3,,,,,,,,,,,,,,,490,30200,474,28440,1,,,,,0,0,0,0,0,0,0,,,,,,,,,,,,,,,,
503,61,5,6/2/95 03:30:07,6/2/95 03:44:59,"IPX",="52.H-P   0FF603",="0800090FF60303C2BVRTN_HP4SI","NetWare Server",0,1,0,7,0,1,60,3,,,,,,,,,,,,,,,490,30200,474,28440,1,,,,,0,0,0,0,0,0,0,,,,,,,,,,,,,,,,
503,43,5,6/2/95 03:30:06,6/2/95 03:44:58,"IPX",="52.0020AF413EB7",,"Workstation",0,0,0,7,0,1,41,2,,,,,,,,,,,,,,,0,0,596,35760,31,,,,,0,0,0,0,0,0,0,,,,,,,,,,,,,,,,
503,44,5,6/2/95 03:30:06,6/2/95 03:44:58,"IPX",="21.002094012D88",,"Workstation",0,0,0,45,2,1,42,1,,,,,,,,,,,,,,,296,17760,0,0,16,,,,,0,0,0,0,0,0,0,,,,,,,,,,,,,,,,
503,65,5,6/2/95 03:30:07,6/2/95 03:44:57,"IPX",="52.H-P   2251C3",="0800092251C30304BVRTON_LAB_HPII","Peripheral Device",0,9,0,7,0,1,64,3,,,,,,,,,,,,,,,361,22260,349,20940,1,,,,,0,0,0,0,0,0,0,,,,,,,,,,,,,,,,
503,12,5,6/2/95 03:30:05,6/2/95 03:44:57,"IPX",="52.Castel388080",="TECH_PHASERII","Peripheral Device",0,9,0,7,0,1,11,3,,,,,,,,,,,,,,,201,13460,173,10380,1,,,,,0,0,0,0,0,0,0,,,,,,,,,,,,,,,,
503,24,5,6/2/95 03:30:05,6/2/95 03:44:56,"IPX",="52.0020AF6C2BBC",,"Workstation",0,0,0,7,0,1,17,3,,,,,,,,,,,,,,,624,76570,546,58498,13,,,,,0,0,0,0,0,0,0,,,,,,,,,,,,,,,,
503,76,3,6/2/95 03:30:09,6/2/95 03:44:56,"IP",="[161.69.136.250]",,"Workstation",0,0,0,75,2,1,27,3,,,,,,,,,,,,,,,178,48060,178,39160,0,356,0,0,0,0,0,0,0,0,0,,0,0,0,0,0,0,,,,,,,,,,
503,77,3,6/2/95 03:30:09,6/2/95 03:44:56,"IP",="[161.69.4.17]",,"Workstation",0,0,0,78,3,1,42,3,,,,,,,,,,,,,,,178,39160,178,48060,0,356,0,0,0,0,0,0,0,0,0,,0,0,0,0,0,0,,,,,,,,,,
503,86,5,6/2/95 03:30:14,6/2/95 03:45:00,"IPX",="52.3Com  E8E599",="SERVER_O________________AHE____","NetWare Server",0,1,0,7,0,1,85,3,,,,,,,,,,,,,,,11090,819262,16222,10794068,1,,,,,0,0,0,0,0,0,0,,,,,,,,,,,,,,,,
503,95,3,6/2/95 03:30:15,6/2/95 03:44:46,"IP",="[161.69.134.98]",,"Workstation",0,0,0,37,1,1,27,1,,,,,,,,,,,,,,,145,10730,0,0,0,0,145,0,0,0,0,0,0,0,0,,0,0,0,0,0,0,,,,,,,,,,
503,26,3,6/2/95 03:30:05,6/2/95 03:44:43,"IP",="[161.69.133.120]",,"Workstation",0,0,0,22,0,1,25,1,,,,,,,,,,,,,,,50,19734,0,0,0,0,0,0,0,0,0,0,0,0,0,,0,0,0,0,0,0,,,,,,,,,,
503,90,5,6/2/95 03:30:15,6/2/95 03:44:56,"IPX",="52.3Com  BE91A4",,"Workstation",0,0,0,7,0,1,89,3,,,,,,,,,,,,,,,117,10206,112,10186,3,,,,,0,0,0,0,0,0,0,,,,,,,,,,,,,,,,
503,114,5,6/2/95 03:30:21,6/2/95 03:43:21,"IPX",="2F098E0B.1",="ODIN","Workstation",0,0,0,115,2,1,42,3,,,,,,,,,,,,,,,42,4328,42,3620,2,,,,,0,0,0,0,0,0,0,,,,,,,,,,,,,,,,
503,107,5,6/2/95 03:30:19,6/2/95 03:44:33,"IPX",="21.002094012D7A",,"Workstation",0,0,0,45,2,1,42,1,,,,,,,,,,,,,,,300,18000,0,0,15,,,,,0,0,0,0,0,0,0,,,,,,,,,,,,,,,,
503,21,3,6/2/95 03:30:05,6/2/95 03:44:38,"IP",="[161.69.133.49]",,"Workstation",0,0,0,22,0,1,17,3,,,,,,,,,,,,,,,160,22443,65,7808,5,0,0,40,4,0,0,0,0,0,0,,0,0,0,0,0,0,,,,,,,,,,
503,119,3,6/2/95 03:30:22,6/2/95 03:44:38,"IP",="[161.69.3.228]",,"Workstation",0,0,0,120,3,1,42,3,,,,,,,,,,,,,,,30,3420,50,4560,2,0,0,0,0,0,0,0,0,0,0,,0,0,0,0,0,0,,,,,,,,,,
503,112,5,6/2/95 03:30:21,6/2/95 03:44:49,"IPX",="52.WstDig91252D",="BART","NetWare Server",0,1,0,7,0,1,110,3,,,,,,,,,,,,,,,119,9962,74,4858,1,,,,,0,0,0,0,0,0,0,,,,,,,,,,,,,,,,
503,111,5,6/2/95 03:30:21,6/2/95 03:44:49,"IPX",="52.0020AF1A7857",="KPETERSEN","Workstation",0,0,0,7,0,1,109,3,,,,,,,,,,,,,,,242,19520,230,17674,5,,,,,0,0,0,0,0,0,0,,,,,,,,,,,,,,,,
503,136,5,6/2/95 03:30:26,6/2/95 03:44:35,"IPX",="52.3Com  B9EFFC",,"Workstation",0,0,0,7,0,1,135,3,,,,,,,,,,,,,,,129,12230,167,15314,3,,,,,0,0,0,0,0,0,0,,,,,,,,,,,,,,,,
503,106,3,6/2/95 03:30:16,6/2/95 03:44:46,"IP",="[255.255.255.255]",,"Local Broadcast",0,0,3,,,0,,,,,,,,,,,,,,,,,0,0,207,64132,0,0,0,0,0,0,0,0,0,0,0,,0,0,0,0,0,0,,,,,,,,,,
503,138,5,6/2/95 03:30:29,6/2/95 03:44:49,"IPX",="52.0020AF06B9F7",,"Workstation",0,0,0,7,0,1,19,3,,,,,,,,,,,,,,,127,11732,110,8672,1,,,,,0,0,0,0,0,0,0,,,,,,,,,,,,,,,,
503,134,5,6/2/95 03:30:24,6/2/95 03:44:44,"IPX",="52.00805F68B148",,"NetWare Server/Router",64,1,0,7,0,1,2,1,,,,,,,,,,,,,,,54,5910,0,0,0,,,,,0,0,0,0,0,0,0,,,,,,,,,,,,,,,,
503,142,5,6/2/95 03:30:35,6/2/95 03:44:59,"IPX",="52.Castel387CBA",="OKI","Peripheral Device",0,9,0,7,0,1,141,3,,,,,,,,,,,,,,,371,23952,341,22452,2,,,,,0,0,0,0,0,0,0,,,,,,,,,,,,,,,,
503,93,3,6/2/95 03:30:15,6/2/95 03:44:46,"IP",="[192.203.133.35]",,"Workstation",0,0,0,94,,1,42,2,,,,,,,,,,,,,,,0,0,29,2146,0,0,29,0,0,0,0,0,0,0,0,,0,0,0,0,0,0,,,,,,,,,,
503,96,3,6/2/95 03:30:15,6/2/95 03:44:46,"IP",="[192.203.133.36]",,"Workstation",0,0,0,94,,1,42,2,,,,,,,,,,,,,,,0,0,29,2146,0,0,29,0,0,0,0,0,0,0,0,,0,0,0,0,0,0,,,,,,,,,,
503,97,3,6/2/95 03:30:15,6/2/95 03:44:46,"IP",="[192.203.133.188]",,"Workstation",0,0,0,94,,1,42,2,,,,,,,,,,,,,,,0,0,29,2146,0,0,29,0,0,0,0,0,0,0,0,,0,0,0,0,0,0,,,,,,,,,,
503,98,3,6/2/95 03:30:15,6/2/95 03:44:46,"IP",="[192.203.133.189]",,"Workstation",0,0,0,94,,1,42,2,,,,,,,,,,,,,,,0,0,29,2146,0,0,29,0,0,0,0,0,0,0,0,,0,0,0,0,0,0,,,,,,,,,,
503,99,3,6/2/95 03:30:15,6/2/95 03:44:46,"IP",="[192.203.133.190]",,"Workstation",0,0,0,94,,1,42,2,,,,,,,,,,,,,,,0,0,29,2146,0,0,29,0,0,0,0,0,0,0,0,,0,0,0,0,0,0,,,,,,,,,,
503,149,5,6/2/95 03:30:50,6/2/95 03:45:00,"IPX",="DAD.1",="MOM","Workstation",0,0,0,150,2,1,42,3,,,,,,,,,,,,,,,190,21468,191,26416,2,,,,,0,0,0,0,0,0,0,,,,,,,,,,,,,,,,
503,168,5,6/2/95 03:31:01,6/2/95 03:44:43,"IPX",="52.0020AF534D3C",,"Workstation",0,0,0,7,0,1,167,3,,,,,,,,,,,,,,,125,12376,111,11498,4,,,,,0,0,0,0,0,0,0,,,,,,,,,,,,,,,,
503,173,5,6/2/95 03:31:04,6/2/95 03:42:42,"IPX",="52.0020AF2318C9",="LANGROUP       <1E>","Workstation",0,0,0,7,0,1,132,3,,,,,,,,,,,,,,,18,2490,12,1128,0,,,,,0,0,0,0,0,0,0,,,,,,,,,,,,,,,,
503,159,5,6/2/95 03:30:55,6/2/95 03:44:44,"IPX",="52.3Com  86AA16",,"NetWare Server",0,1,0,7,0,1,158,3,,,,,,,,,,,,,,,103,11660,112,10528,0,,,,,0,0,0,0,0,0,0,,,,,,,,,,,,,,,,
503,145,5,6/2/95 03:30:40,6/2/95 03:44:23,"IPX",="52.0020AF308EAC",="STEVEK","Workstation",0,0,0,7,0,1,144,3,,,,,,,,,,,,,,,81,9160,115,10708,0,,,,,0,0,0,0,0,0,0,,,,,,,,,,,,,,,,
503,177,5,6/2/95 03:31:10,6/2/95 03:44:23,"IPX",="52.0020AF40CE1B",="CWRIGHTNT","Workstation",0,0,0,7,0,1,18,3,,,,,,,,,,,,,,,72,7922,58,5350,0,,,,,0,0,0,0,0,0,0,,,,,,,,,,,,,,,,
503,186,5,6/2/95 03:31:10,6/2/95 03:44:23,"IPX",="52.0020AF2318DC",="JSMITH","Workstation",0,0,0,7,0,1,185,3,,,,,,,,,,,,,,,65,7044,3,282,0,,,,,0,0,0,0,0,0,0,,,,,,,,,,,,,,,,
503,192,5,6/2/95 03:31:10,6/2/95 03:44:23,"IPX",="52.3Com  86AA14",="LANGROUP       <1E>","Workstation",0,0,0,7,0,1,191,3,,,,,,,,,,,,,,,65,7044,3,282,0,,,,,0,0,0,0,0,0,0,,,,,,,,,,,,,,,,
503,188,5,6/2/95 03:31:10,6/2/95 03:44:23,"IPX",="52.3Com  E861DB",="LANGROUP       <1E>","Workstation",0,0,0,7,0,1,187,3,,,,,,,,,,,,,,,65,7072,3,282,0,,,,,0,0,0,0,0,0,0,,,,,,,,,,,,,,,,
503,194,5,6/2/95 03:31:10,6/2/95 03:44:23,"IPX",="52.0020AF19CB3B",="LANGROUP       <1E>","Workstation",0,0,0,7,0,1,193,3,,,,,,,,,,,,,,,68,7252,6,462,0,,,,,0,0,0,0,0,0,0,,,,,,,,,,,,,,,,
503,184,5,6/2/95 03:31:10,6/2/95 03:44:23,"IPX",="52.3Com  86AA19",="LANGROUP       <1E>","Workstation",0,0,0,7,0,1,34,3,,,,,,,,,,,,,,,68,7252,6,462,0,,,,,0,0,0,0,0,0,0,,,,,,,,,,,,,,,,
503,181,5,6/2/95 03:31:10,6/2/95 03:44:34,"IPX",="52.0020AF4D7F33",="JSMITHNT","Workstation",0,0,0,7,0,1,16,3,,,,,,,,,,,,,,,66,6414,64,5710,0,,,,,0,0,0,0,0,0,0,,,,,,,,,,,,,,,,
503,190,5,6/2/95 03:31:10,6/2/95 03:44:23,"IPX",="52.0020AFD39855",,"Workstation",0,0,0,7,0,1,189,3,,,,,,,,,,,,,,,78,7194,80,6766,1,,,,,0,0,0,0,0,0,0,,,,,,,,,,,,,,,,
503,180,5,6/2/95 03:31:10,6/2/95 03:44:23,"IPX",="52.0020AF534CB0",="DKRAMER","Workstation",0,0,0,7,0,1,143,3,,,,,,,,,,,,,,,65,7058,3,282,0,,,,,0,0,0,0,0,0,0,,,,,,,,,,,,,,,,
503,179,5,6/2/95 03:31:10,6/2/95 03:44:23,"IPX",="52.0020AF534BDE",="KEVINL","Workstation",0,0,0,7,0,1,178,3,,,,,,,,,,,,,,,65,7072,3,282,0,,,,,0,0,0,0,0,0,0,,,,,,,,,,,,,,,,
503,183,5,6/2/95 03:31:10,6/2/95 03:44:23,"IPX",="52.0020AF252E02",="LANGROUP       <1E>","Workstation",0,0,0,7,0,1,182,3,,,,,,,,,,,,,,,65,7142,3,282,0,,,,,0,0,0,0,0,0,0,,,,,,,,,,,,,,,,
503,101,3,6/2/95 03:30:16,6/2/95 03:44:08,"IP",="[198.145.88.33]",="escargot.dev.com","Workstation",0,0,0,102,,1,42,3,,,,,,,,,,,,,,,14,1260,14,1260,1,0,0,0,0,0,0,0,0,0,0,,0,0,0,0,0,0,,,,,,,,,,
503,103,3,6/2/95 03:30:16,6/2/95 03:44:33,"IP",="[161.69.133.118]",="protools.com","Workstation",0,0,0,22,0,1,100,3,,,,,,,,,,,,,,,62,6093,65,5480,4,0,1,67,4,0,0,0,0,0,0,,0,0,1,0,0,0,,,,,,,,,,
503,205,5,6/2/95 03:31:28,6/2/95 03:41:46,"IPX",="52.0020AF53438E",,"Workstation",0,0,0,7,0,1,130,3,,,,,,,,,,,,,,,18,2502,12,1128,0,,,,,0,0,0,0,0,0,0,,,,,,,,,,,,,,,,
503,140,5,6/2/95 03:30:30,6/2/95 03:44:34,"IPX",="52.cisco 09752C",,"NetWare Router",64,0,0,7,0,1,42,1,,,,,,,,,,,,,,,200,47980,0,0,0,,,,,0,0,0,0,0,0,0,,,,,,,,,,,,,,,,
503,203,5,6/2/95 03:31:28,6/2/95 03:43:26,"IPX",="10044.1",="QASRV","Workstation",0,0,0,204,2,1,42,3,,,,,,,,,,,,,,,10,600,9,540,0,,,,,0,0,0,0,0,0,0,,,,,,,,,,,,,,,,
503,206,5,6/2/95 03:31:29,6/2/95 03:41:22,"IPX",="1776.1",="TRACE2","Workstation",0,0,0,207,2,1,42,3,,,,,,,,,,,,,,,4,240,3,180,0,,,,,0,0,0,0,0,0,0,,,,,,,,,,,,,,,,
503,224,5,6/2/95 03:31:30,6/2/95 03:42:32,"IPX",="20394802.1",="RND","Workstation",0,0,0,225,2,1,42,3,,,,,,,,,,,,,,,16,960,15,900,0,,,,,0,0,0,0,0,0,0,,,,,,,,,,,,,,,,
503,154,5,6/2/95 03:30:50,6/2/95 03:44:51,"IPX",="52.00805F88FE67",,"NetWare Router",64,0,0,7,0,1,25,3,,,,,,,,,,,,,,,66,5812,27,2070,1,,,,,0,0,0,0,0,0,0,,,,,,,,,,,,,,,,
503,146,5,6/2/95 03:30:41,6/2/95 03:44:01,"IPX",="52.SynOpt0465AE",="bvrton-nmm","NetWare Server",0,1,0,7,0,1,28,1,,,,,,,,,,,,,,,28,2380,0,0,0,,,,,0,0,0,0,0,0,0,,,,,,,,,,,,,,,,
503,82,5,6/2/95 03:30:11,6/2/95 03:44:20,"IPX",="52.H-P   79BEB0",="HP560Color","NetWare Server",0,1,0,7,0,1,81,1,,,,,,,,,,,,,,,16,1760,0,0,0,,,,,0,0,0,0,0,0,0,,,,,,,,,,,,,,,,
503,247,3,6/2/95 03:31:59,6/2/95 03:44:33,"IP",="[161.69.2.1]",="thor.ngc.com","Workstation",0,0,0,248,2,1,42,3,,,,,,,,,,,,,,,174,205822,173,10914,5,0,2,34,0,0,0,0,0,0,0,,0,0,2,0,0,0,,,,,,,,,,
503,162,3,6/2/95 03:30:59,6/2/95 03:44:59,"IP",="[161.69.133.153]",,"Workstation",0,0,0,22,0,1,161,2,,,,,,,,,,,,,,,0,0,15,900,1,0,0,0,0,0,0,0,0,0,0,,0,0,0,0,0,0,,,,,,,,,,
503,163,3,6/2/95 03:30:59,6/2/95 03:44:59,"IP",="[161.69.13.102]",,"Workstation",0,0,0,164,2,1,42,3,,,,,,,,,,,,,,,16,960,1,60,2,0,0,0,0,0,0,0,0,0,0,,0,0,0,0,0,0,,,,,,,,,,
503,80,5,6/2/95 03:30:09,6/2/95 03:44:30,"IPX",="52.0020AF413E60",,"Workstation",0,0,0,7,0,1,79,3,,,,,,,,,,,,,,,14,2566,76,7144,0,,,,,0,0,0,0,0,0,0,,,,,,,,,,,,,,,,
503,176,5,6/2/95 03:31:10,6/2/95 03:43:35,"IPX",="52.0020AF2319A1",="LANGROUP       <1E>","Workstation",0,0,0,7,0,1,15,1,,,,,,,,,,,,,,,9,1986,0,0,0,,,,,0,0,0,0,0,0,0,,,,,,,,,,,,,,,,
503,257,5,6/2/95 03:32:14,6/2/95 03:44:06,"IPX",="52.0020AF19CC84",="GARP","Workstation",0,0,0,7,0,1,52,3,,,,,,,,,,,,,,,12,2118,16,1504,0,,,,,0,0,0,0,0,0,0,,,,,,,,,,,,,,,,
503,298,5,6/2/95 03:34:44,6/2/95 03:43:50,"IPX",="52.0020AF6E3E4F",,"Workstation",0,0,0,7,0,1,297,3,,,,,,,,,,,,,,,30,3412,12,1128,0,,,,,0,0,0,0,0,0,0,,,,,,,,,,,,,,,,
503,300,5,6/2/95 03:34:50,6/2/95 03:40:50,"IPX",="52.0020AF19CB0C",,"Workstation",0,0,0,7,0,1,55,3,,,,,,,,,,,,,,,4,264,4,288,1,,,,,0,0,0,0,0,0,0,,,,,,,,,,,,,,,,
503,304,3,6/2/95 03:35:31,6/2/95 03:35:41,"IP",="[161.69.134.254]",,"Workstation",0,0,0,37,1,1,27,1,,,,,,,,,,,,,,,5,409,0,0,1,0,1,3,0,0,0,0,0,0,0,,0,0,1,0,0,0,,,,,,,,,,
503,310,3,6/2/95 03:35:46,6/2/95 03:36:04,"IP",="[161.69.134.69]",,"Workstation",0,0,0,37,1,1,27,3,,,,,,,,,,,,,,,7,532,5,568,0,0,2,10,0,0,0,0,0,0,0,,0,0,2,0,0,0,,,,,,,,,,
503,311,3,6/2/95 03:35:46,6/2/95 03:44:59,"IP",="[161.69.134.70]",,"Workstation",0,0,0,37,1,1,27,3,,,,,,,,,,,,,,,554,33261,521,297968,2,0,0,0,0,0,0,0,0,0,0,,0,0,0,0,0,0,,,,,,,,,,
503,317,3,6/2/95 03:36:03,6/2/95 03:44:59,"IP",="[134.10.2.46]",="remus.reed.edu","Workstation",0,0,0,318,,1,42,3,,,,,,,,,,,,,,,379,95127,413,24794,1,0,0,0,0,0,0,0,0,0,0,,0,0,0,0,0,0,,,,,,,,,,
503,322,3,6/2/95 03:36:05,6/2/95 03:38:59,"IP",="[161.69.135.151]",,"Workstation",0,0,0,70,2,3,110,1,27,3,42,2,,,,,,,,,,,15,2546,72,5040,1,0,72,0,0,0,0,0,0,0,1,,0,0,72,0,0,0,,,,,,,,,,
503,324,3,6/2/95 03:36:05,6/2/95 03:38:59,"IP",="[161.69.133.84]",,"Workstation",0,0,0,22,0,2,126,1,42,1,,,,,,,,,,,,,24,1680,0,0,0,0,24,0,0,0,0,0,0,1,0,,0,0,24,0,0,0,,,,,,,,,,
503,327,3,6/2/95 03:36:05,6/2/95 03:38:59,"IP",="[161.69.133.110]",,"Workstation",0,0,0,22,0,2,326,1,42,1,,,,,,,,,,,,,24,1680,0,0,0,0,24,0,0,0,0,0,0,1,0,,0,0,24,0,0,0,,,,,,,,,,
503,321,3,6/2/95 03:36:05,6/2/95 03:38:59,"IP",="[161.69.255.255]",,"All Ones Broadcast",0,0,1,,,0,,,,,,,,,,,,,,,,,0,0,12,1598,0,0,0,0,0,0,0,0,0,0,0,,0,0,0,0,0,0,,,,,,,,,,
503,328,3,6/2/95 03:36:05,6/2/95 03:40:12,"IP",="[161.69.133.111]",="bart.protools.com","Workstation",0,0,0,22,0,2,110,3,27,1,,,,,,,,,,,,,21,4595,7,2232,1,12,0,0,1,0,0,0,0,1,0,,0,0,0,0,0,0,,,,,,,,,,
503,323,3,6/2/95 03:36:05,6/2/95 03:38:59,"IP",="[161.69.133.116]",,"Workstation",0,0,0,22,0,1,202,1,,,,,,,,,,,,,,,12,840,0,0,0,0,12,0,0,0,0,0,0,0,0,,0,0,12,0,0,0,,,,,,,,,,
503,325,3,6/2/95 03:36:05,6/2/95 03:38:59,"IP",="[161.69.133.113]",,"Workstation",0,0,0,22,0,1,175,1,,,,,,,,,,,,,,,12,840,0,0,0,0,12,0,0,0,0,0,0,0,0,,0,0,12,0,0,0,,,,,,,,,,
503,329,3,6/2/95 03:36:08,6/2/95 03:36:18,"IP",="[161.69.3.245]",,"Workstation",0,0,0,120,3,1,42,2,,,,,,,,,,,,,,,0,0,6,1896,2,0,0,0,0,0,0,0,0,0,0,,0,0,0,0,0,0,,,,,,,,,,
503,336,3,6/2/95 03:36:47,6/2/95 03:37:30,"IP",="[161.69.133.63]",,"Workstation",0,0,0,22,0,1,297,1,,,,,,,,,,,,,,,19,2393,0,0,0,0,0,0,0,0,0,0,0,0,0,,0,0,0,0,0,0,,,,,,,,,,
503,337,5,6/2/95 03:36:54,6/2/95 03:36:55,"IPX",="52.0020AF413EAB",,"Workstation",0,0,0,7,0,1,263,1,,,,,,,,,,,,,,,3,282,0,0,0,,,,,0,0,0,0,0,0,0,,,,,,,,,,,,,,,,
503,338,5,6/2/95 03:37:00,6/2/95 03:37:00,"IPX",="52.0020AF259770",,"Workstation",0,0,0,7,0,1,260,3,,,,,,,,,,,,,,,10,668,10,3186,1,,,,,0,0,0,0,0,0,0,,,,,,,,,,,,,,,,
503,342,3,6/2/95 03:37:15,6/2/95 03:39:28,"IP",="[169.69.133.255]",,"Subnet Broadcast",0,0,4,,,1,42,2,,,,,,,,,,,,,,,0,0,57,7278,0,0,0,0,0,0,0,0,0,0,0,,0,0,0,0,0,0,,,,,,,,,,
503,343,3,6/2/95 03:37:15,6/2/95 03:39:28,"IP",="[169.69.133.141]",,"Workstation",0,0,0,344,,3,144,1,27,1,100,1,,,,,,,,,,,57,7278,0,0,0,0,0,0,0,0,0,0,0,0,0,,0,0,0,0,0,0,,,,,,,,,,
503,351,3,6/2/95 03:38:45,6/2/95 03:40:44,"IP",="[161.69.133.106]",,"Workstation",0,0,0,22,0,1,18,3,,,,,,,,,,,,,,,14,1773,11,1560,3,0,0,0,1,0,0,0,0,0,0,,0,0,0,0,0,0,,,,,,,,,,
503,296,5,6/2/95 03:34:25,6/2/95 03:44:22,"IPX",="52.0020AF413E9D",,"Workstation",0,0,0,7,0,1,201,1,,,,,,,,,,,,,,,4,968,0,0,0,,,,,0,0,0,0,0,0,0,,,,,,,,,,,,,,,,
503,364,3,6/2/95 03:39:51,6/2/95 03:39:51,"IP",="[161.69.133.152]",,"Workstation",0,0,0,22,0,1,54,3,,,,,,,,,,,,,,,1,60,2,120,1,0,0,0,1,0,0,0,0,0,0,,0,0,0,0,0,0,,,,,,,,,,
503,273,3,6/2/95 03:33:00,6/2/95 03:42:50,"IP",="[161.69.133.68]",,"Workstation",0,0,0,22,0,1,52,1,,,,,,,,,,,,,,,3,756,0,0,0,0,0,0,0,0,0,0,0,0,0,,0,0,0,0,0,0,,,,,,,,,,
503,286,3,6/2/95 03:34:03,6/2/95 03:43:33,"IP",="[0.0.0.0]",,"All Zeros Broadcast",0,0,2,,,1,81,1,,,,,,,,,,,,,,,3,1026,0,0,0,0,0,0,0,0,0,0,0,0,0,,0,0,0,0,0,0,,,,,,,,,,
503,295,3,6/2/95 03:34:25,6/2/95 03:44:22,"IP",="[161.69.133.72]",,"Workstation",0,0,0,22,0,1,185,1,,,,,,,,,,,,,,,3,762,0,0,0,0,0,0,0,0,0,0,0,0,0,,0,0,0,0,0,0,,,,,,,,,,
503,208,5,6/2/95 03:31:30,6/2/95 03:31:30,"IPX",="5.Castel33EFE2",="03403746","Workstation",0,0,0,209,3,1,42,1,,,,,,,,,,,,,,,0,0,0,0,0,,,,,0,0,0,0,0,0,0,,,,,,,,,,,,,,,,
503,210,5,6/2/95 03:31:30,6/2/95 03:31:30,"IPX",="7.Castel2F5D88",="03104136","Workstation",0,0,0,211,3,1,42,1,,,,,,,,,,,,,,,0,0,0,0,0,,,,,0,0,0,0,0,0,0,,,,,,,,,,,,,,,,
503,212,5,6/2/95 03:31:30,6/2/95 03:31:30,"IPX",="2ED36EEB.1",="LOKI","Workstation",0,0,0,213,2,1,42,1,,,,,,,,,,,,,,,0,0,0,0,0,,,,,0,0,0,0,0,0,0,,,,,,,,,,,,,,,,
503,214,5,6/2/95 03:31:30,6/2/95 03:31:30,"IPX",="6.H-P   720151",="08000972015103814200-1ST-S.E.","Workstation",0,0,0,215,3,1,42,1,,,,,,,,,,,,,,,0,0,0,0,0,,,,,0,0,0,0,0,0,0,,,,,,,,,,,,,,,,
503,216,5,6/2/95 03:31:30,6/2/95 03:44:38,"IPX",="505.1",="SALES","Workstation",0,0,0,217,2,1,42,1,,,,,,,,,,,,,,,1,60,0,0,0,,,,,0,0,0,0,0,0,0,,,,,,,,,,,,,,,,
503,218,5,6/2/95 03:31:30,6/2/95 03:31:30,"IPX",="10651112.1",,"Workstation",0,0,0,219,2,1,42,1,,,,,,,,,,,,,,,0,0,0,0,0,,,,,0,0,0,0,0,0,0,,,,,,,,,,,,,,,,
503,220,5,6/2/95 03:31:30,6/2/95 03:31:30,"IPX",="4500.1",="BIZ-ONE","Workstation",0,0,0,221,2,1,42,1,,,,,,,,,,,,,,,0,0,0,0,0,,,,,0,0,0,0,0,0,0,,,,,,,,,,,,,,,,
503,222,5,6/2/95 03:31:30,6/2/95 03:31:30,"IPX",="362432.1",="MFGSRV","Workstation",0,0,0,223,2,1,42,1,,,,,,,,,,,,,,,0,0,0,0,0,,,,,0,0,0,0,0,0,0,,,,,,,,,,,,,,,,
503,226,5,6/2/95 03:31:30,6/2/95 03:31:30,"IPX",="AA1.1",="APPLE","Workstation",0,0,0,227,2,1,42,1,,,,,,,,,,,,,,,0,0,0,0,0,,,,,0,0,0,0,0,0,0,,,,,,,,,,,,,,,,
503,228,5,6/2/95 03:31:30,6/2/95 03:31:30,"IPX",="30495494.1",="SERVICES","Workstation",0,0,0,229,2,1,42,1,,,,,,,,,,,,,,,0,0,0,0,0,,,,,0,0,0,0,0,0,0,,,,,,,,,,,,,,,,
503,230,5,6/2/95 03:31:30,6/2/95 03:31:30,"IPX",="100065.1",,"Workstation",0,0,0,231,3,1,42,1,,,,,,,,,,,,,,,0,0,0,0,0,,,,,0,0,0,0,0,0,0,,,,,,,,,,,,,,,,
503,232,5,6/2/95 03:31:30,6/2/95 03:31:30,"IPX",="3.Lntrnx043E2C",="EPS_043E2C","Workstation",0,0,0,233,3,1,42,1,,,,,,,,,,,,,,,0,0,0,0,0,,,,,0,0,0,0,0,0,0,,,,,,,,,,,,,,,,
503,234,5,6/2/95 03:31:30,6/2/95 03:31:30,"IPX",="A304548F.1",="EPS_04548F","Workstation",0,0,0,235,3,1,42,1,,,,,,,,,,,,,,,0,0,0,0,0,,,,,0,0,0,0,0,0,0,,,,,,,,,,,,,,,,
503,236,5,6/2/95 03:31:30,6/2/95 03:31:30,"IPX",="9.Castel33F014",="03403796","Workstation",0,0,0,237,3,1,42,1,,,,,,,,,,,,,,,0,0,0,0,0,,,,,0,0,0,0,0,0,0,,,,,,,,,,,,,,,,
503,238,5,6/2/95 03:31:30,6/2/95 03:31:30,"IPX",="21.0020AF6E48BE",,"Workstation",0,0,0,45,2,1,42,1,,,,,,,,,,,,,,,0,0,0,0,0,,,,,0,0,0,0,0,0,0,,,,,,,,,,,,,,,,
503,239,5,6/2/95 03:31:30,6/2/95 03:31:30,"IPX",="A.NtkPer0003AD",="SERVER_D________________AHE____","Workstation",0,0,0,240,2,1,42,1,,,,,,,,,,,,,,,0,0,0,0,0,,,,,0,0,0,0,0,0,0,,,,,,,,,,,,,,,,
503,241,5,6/2/95 03:31:30,6/2/95 03:31:30,"IPX",="A.NtkPer00025B",="SERVER_A________________AHE____","Workstation",0,0,0,240,2,1,42,1,,,,,,,,,,,,,,,0,0,0,0,0,,,,,0,0,0,0,0,0,0,,,,,,,,,,,,,,,,
503,242,5,6/2/95 03:31:30,6/2/95 03:31:30,"IPX",="4.0020AF1E9537",="SERVER_E________________AHE____","Workstation",0,0,0,243,3,1,42,1,,,,,,,,,,,,,,,0,0,0,0,0,,,,,0,0,0,0,0,0,0,,,,,,,,,,,,,,,,
503,250,5,6/2/95 03:32:08,6/2/95 03:32:08,"IPX",="4.SynOpt040F62",="mis-nmm","Workstation",0,0,0,243,3,1,42,1,,,,,,,,,,,,,,,0,0,0,0,0,,,,,0,0,0,0,0,0,0,,,,,,,,,,,,,,,,
503,251,5,6/2/95 03:32:08,6/2/95 03:32:08,"IPX",="8.SynOpt042CEA",="smx","Workstation",0,0,0,252,3,1,42,1,,,,,,,,,,,,,,,0,0,0,0,0,,,,,0,0,0,0,0,0,0,,,,,,,,,,,,,,,,
503,253,5,6/2/95 03:32:08,6/2/95 03:32:08,"IPX",="3.SynOpt04214C",="rnd-nmm2","Workstation",0,0,0,233,3,1,42,1,,,,,,,,,,,,,,,0,0,0,0,0,,,,,0,0,0,0,0,0,0,,,,,,,,,,,,,,,,
503,254,5,6/2/95 03:32:08,6/2/95 03:32:08,"IPX",="4.0020AFD2EE25",,"Workstation",0,0,0,243,3,1,42,1,,,,,,,,,,,,,,,0,0,0,0,0,,,,,0,0,0,0,0,0,0,,,,,,,,,,,,,,,,
503,255,5,6/2/95 03:32:08,6/2/95 03:32:08,"IPX",="3.00805F784C68",="LESLEYP-PC","Workstation",0,0,0,233,3,1,42,1,,,,,,,,,,,,,,,0,0,0,0,0,,,,,0,0,0,0,0,0,0,,,,,,,,,,,,,,,,
503,256,5,6/2/95 03:32:08,6/2/95 03:32:08,"IPX",="3.3Com  E83DA7",="JANICEB-NT","Workstation",0,0,0,233,3,1,42,1,,,,,,,,,,,,,,,0,0,0,0,0,,,,,0,0,0,0,0,0,0,,,,,,,,,,,,,,,,
503,360,3,6/2/95 03:39:37,6/2/95 03:39:37,"IP",="[161.69.133.30]",,"Workstation",0,0,0,22,0,1,89,1,,,,,,,,,,,,,,,1,243,0,0,0,0,0,0,0,0,0,0,0,0,0,,0,0,0,0,0,0,,,,,,,,,,
503,362,3,6/2/95 03:39:48,6/2/95 03:39:48,"IP",="[161.69.133.73]",,"Workstation",0,0,0,22,0,1,109,1,,,,,,,,,,,,,,,1,243,0,0,0,0,0,0,0,0,0,0,0,0,0,,0,0,0,0,0,0,,,,,,,,,,
503,363,3,6/2/95 03:39:49,6/2/95 03:39:49,"IP",="[161.69.133.122]",,"Workstation",0,0,0,22,0,1,135,1,,,,,,,,,,,,,,,1,243,0,0,0,0,0,0,0,0,0,0,0,0,0,,0,0,0,0,0,0,,,,,,,,,,
503,366,3,6/2/95 03:39:57,6/2/95 03:39:57,"IP",="[161.69.133.51]",,"Workstation",0,0,0,22,0,1,189,1,,,,,,,,,,,,,,,1,243,0,0,0,0,0,0,0,0,0,0,0,0,0,,0,0,0,0,0,0,,,,,,,,,,
503,367,3,6/2/95 03:40:02,6/2/95 03:40:02,"IP",="[161.69.133.95]",,"Workstation",0,0,0,22,0,1,16,1,,,,,,,,,,,,,,,1,243,0,0,0,0,0,0,0,0,0,0,0,0,0,,0,0,0,0,0,0,,,,,,,,,,
503,369,3,6/2/95 03:40:20,6/2/95 03:40:20,"IP",="[161.69.133.141]",,"Workstation",0,0,0,22,0,1,158,1,,,,,,,,,,,,,,,2,473,0,0,0,0,0,0,0,0,0,0,0,0,0,,0,0,0,0,0,0,,,,,,,,,,
503,377,5,6/2/95 03:42:08,6/2/95 03:42:08,"IPX",="7.H-P   0F1C90",="0800090F1C9003C2LOBBY_HP4SI","Workstation",0,0,0,211,3,1,42,1,,,,,,,,,,,,,,,0,0,0,0,0,,,,,0,0,0,0,0,0,0,,,,,,,,,,,,,,,,
503,378,5,6/2/95 03:42:08,6/2/95 03:42:08,"IPX",="5.H-P   760E75",="080009760E75038HAP_HP4SI","Workstation",0,0,0,209,3,1,42,1,,,,,,,,,,,,,,,0,0,0,0,0,,,,,0,0,0,0,0,0,0,,,,,,,,,,,,,,,,
503,379,5,6/2/95 03:42:08,6/2/95 03:42:08,"IPX",="5.H-P   460888",="0800094608880381ACCTG-HP4SI-2","Workstation",0,0,0,209,3,1,42,1,,,,,,,,,,,,,,,0,0,0,0,0,,,,,0,0,0,0,0,0,0,,,,,,,,,,,,,,,,
503,380,5,6/2/95 03:42:08,6/2/95 03:42:08,"IPX",="5.H-P   47A6AD",="08000947A6AD0381ACCTG-HP4SI-1","Workstation",0,0,0,209,3,1,42,1,,,,,,,,,,,,,,,0,0,0,0,0,,,,,0,0,0,0,0,0,0,,,,,,,,,,,,,,,,
503,381,5,6/2/95 03:42:08,6/2/95 03:42:08,"IPX",="8.H-P   2EAEF2",="0800092EAEF203C2RND_HPCOLOR","Workstation",0,0,0,252,3,1,42,1,,,,,,,,,,,,,,,0,0,0,0,0,,,,,0,0,0,0,0,0,0,,,,,,,,,,,,,,,,
503,382,5,6/2/95 03:42:08,6/2/95 03:42:08,"IPX",="3.H-P   3CDA70",="0800093CDA7003C0RND_HP4V","Workstation",0,0,0,233,3,1,42,1,,,,,,,,,,,,,,,0,0,0,0,0,,,,,0,0,0,0,0,0,0,,,,,,,,,,,,,,,,
503,383,5,6/2/95 03:42:08,6/2/95 03:42:08,"IPX",="3.H-P   712636",="080009712636038HRND-HP4SI","Workstation",0,0,0,233,3,1,42,1,,,,,,,,,,,,,,,0,0,0,0,0,,,,,0,0,0,0,0,0,0,,,,,,,,,,,,,,,,

0,"Connections/Applications",
1504,Obj,Class,1stFrm,LastFrm,Transport,Protocol,DLCCnx,Obj1,Obj2,ApplID1,ApplID2,Addr1,Addr2,Name1,Name2,Login,Status,DLCs1,DLCs2,DLCObj11,DLCObj12,DLCObj21,DLCObj22,DLCObj31,DLCObj32,DLCObj41,DLCObj42,DLCObj51,DLCObj52,DLCObj61,DLCObj62,DLCObj71,DLCObj72,DLCObj81,DLCObj82,SrcRte1,SrcRte2,SrcRte3,SrcRte4,SrcRte5,SrcRte6,SrcRte7,SrcRte8,Hops,Frms,Bytes,Reqs,Rpls,UsefulData,AppReqs,FileXfers,Thruput,FileBytes,DataLength,Frms1,Frms2,Bytes1,Bytes2,ExpBytes1,ExpBytes2,Reqs1,Reqs2,Resps1,Resps2,Retrans1,Retrans2,RetransTime1,RetransTime2,RetransB1,RetransB2,RespRetrans1,RespRetrans2,AvgAck1,AvgAck2,1stResps1,1stResps2,1stRespTime1,1stRespTime2,Min1stResp1,Min1stResp2,Max1stResp1,Max1stResp2,FlowOff1,FlowOff2,FlowOffTime1,FlowOffTime2,WinSizeMin1,WinSizeMin2,WinSizeMax1,WinSizeMax2,KeepAlives1,KeepAlives2,KeepAliveTime1,KeepAliveTime2,Revisits1,Revisits2,Interrupts1,Interrupts2,NegAcks1,NegAcks2,Attns1,Attns2,MissingFrags1,MissingFrags2,InterFrmTime1,InterFrmTime2,Retrans,FastRetrans,NFSRetrans,CmdRetrans,RplRetrans,FlowOffs,DataFlowOffs,FrozenWins,LongIdles,AckNumDecr,SlowAcks,MissingAcks,WrongAcks,WrongRpls,MissingSyncs,CloseFrms,BouncingFrms,LocalRtrs,MultiSrcRtg,WaitPrinter,PaperJam,PaperOut,PrinterDown,RWOverlaps,FileRetrans,LowThruput,ReqLoops,DeniedReqs,
504,38,16,6/2/95 03:30:06,6/2/95 03:44:59,6,"NGCP",0,36,35,"Port: 3200","Port: 1386",="[161.69.134.3]",="[161.69.133.70]",,,,,1,1,27,34,,,,,,,,,,,,,,,,,,,,,,,1,2640,318774,,,,880,0,,0,,880,1760,165654,0,,,,,,,0,0,,,,,,,,1,,,,,,,,,0,0,,,1024,3301,1024,4096,0,0,,,,,,,,,,,,,,,0,0,0,,,0,0,0,0,0,0,,,,,,0,,,,,,,0,0,0,0,0,
504,32,15,6/2/95 03:30:06,6/2/95 03:44:59,8,"Novell NetWare",0,4,31,"Conn ID: 80",,="2ED274A6.1",="52.Intel 54082F",="NGC____________________________",="NP54082F",,,1,1,2,1,,,,,,,,,,,,,,,,,,,,,,,0,1770,106200,885,885,,885,0,,0,,,,,,,,,,,,,,,,,,,,,,,,,,,,,,,,,,,,,,,,,,,,,,,,,,,,,,0,0,,,,,,,,,,0,,0,,,,,,,,,,0,0,0,0,0,
504,8,15,6/2/95 03:30:05,6/2/95 03:44:58,8,"Novell NetWare",0,4,6,"Conn ID: 9",,="2ED274A6.1",="52.H-P   723134",="NGC____________________________",="0800097231340381HPIVSI",,,1,1,2,3,,,,,,,,,,,,,,,,,,,,,,,0,932,55920,466,466,,466,0,,0,,,,,,,,,,,,,,,,,,,,,,,,,,,,,,,,,,,,,,,,,,,,,,,,,,,,,,0,0,,,,,,,,,,0,,0,,,,,,,,,,0,0,0,0,0,
504,50,15,6/2/95 03:30:06,6/2/95 03:44:59,8,"Novell NetWare",0,4,49,"Conn ID: 8",,="2ED274A6.1",="52.H-P   77F57F",="NGC____________________________",="08000977F57F038FBVRTONHP3SI",,,1,1,2,48,,,,,,,,,,,,,,,,,,,,,,,0,948,56880,474,474,,474,0,,0,,,,,,,,,,,,,,,,,,,,,,,,,,,,,,,,,,,,,,,,,,,,,,,,,,,,,,0,0,,,,,,,,,,0,,0,,,,,,,,,,0,0,0,0,0,
504,58,15,6/2/95 03:30:06,6/2/95 03:44:59,8,"Novell NetWare",0,4,57,"Conn ID: 4",,="2ED274A6.1",="52.H-P   59F421",="NGC____________________________",="08000959F421038DBVRTONHP4",,,1,1,2,56,,,,,,,,,,,,,,,,,,,,,,,0,948,56880,474,474,,474,0,,0,,,,,,,,,,,,,,,,,,,,,,,,,,,,,,,,,,,,,,,,,,,,,,,,,,,,,,0,0,,,,,,,,,,0,,0,,,,,,,,,,0,0,0,0,0,
504,62,15,6/2/95 03:30:07,6/2/95 03:44:59,8,"Novell NetWare",0,4,61,"Conn ID: 6",,="2ED274A6.1",="52.H-P   0FF603",="NGC____________________________",="0800090FF60303C2BVRTN_HP4SI",,,1,1,2,60,,,,,,,,,,,,,,,,,,,,,,,0,948,56880,474,474,,474,0,,0,,,,,,,,,,,,,,,,,,,,,,,,,,,,,,,,,,,,,,,,,,,,,,,,,,,,,,0,0,,,,,,,,,,0,,0,,,,,,,,,,0,0,0,0,0,
504,46,19,6/2/95 03:30:06,6/2/95 03:30:15,9,"XNS-SPP",0,43,44,"Conn ID: FFFF","Conn ID: 2300",="52.0020AF413EB7",="21.002094012D88",,,,,1,1,41,42,,,,,,,,,,,,,,,,,,,,,,,2,7,420,,,,,,,,,0,7,0,28,,,,,,,0,0,,,,,,,,,,,,,,,,,,,,,,,,,,,,,,,,,,,,,,,,,0,0,,,,0,0,,,0,0,0,,0,,,,,0,,,,,,,,,,
504,66,15,6/2/95 03:30:07,6/2/95 03:44:57,8,"Novell NetWare",0,4,65,"Conn ID: 29",,="2ED274A6.1",="52.H-P   2251C3",="NGC____________________________",="0800092251C30304BVRTON_LAB_HPII",,,1,1,2,64,,,,,,,,,,,,,,,,,,,,,,,0,698,41880,349,349,,349,0,,0,,,,,,,,,,,,,,,,,,,,,,,,,,,,,,,,,,,,,,,,,,,,,,,,,,,,,,0,0,,,,,,,,,,0,,0,,,,,,,,,,0,0,0,0,0,
504,13,15,6/2/95 03:30:05,6/2/95 03:44:57,8,"Novell NetWare",0,4,12,"Conn ID: 78",,="2ED274A6.1",="52.Castel388080",="NGC____________________________",="TECH_PHASERII",,,1,1,2,11,,,,,,,,,,,,,,,,,,,,,,,0,346,20760,173,173,,173,0,,0,,,,,,,,,,,,,,,,,,,,,,,,,,,,,,,,,,,,,,,,,,,,,,,,,,,,,,0,0,,,,,,,,,,0,,0,,,,,,,,,,0,0,0,0,0,
504,87,15,6/2/95 03:30:14,6/2/95 03:45:00,8,"Novell NetWare",0,4,86,"Conn ID: 1",,="2ED274A6.1",="52.3Com  E8E599",="NGC____________________________",="SERVER_O________________AHE____",,,1,1,2,85,,,,,,,,,,,,,,,,,,,,,,,0,17010,1968346,8505,8505,,8505,0,,0,,,,,,,,,,,,,,,,,,,,,,,,,,,,,,,,,,,,,,,,,,,,,,,,,,,,,,0,0,,,,,,,,,,0,,0,,,,,,,,,,0,80,0,1762,0,
504,91,19,6/2/95 03:30:15,6/2/95 03:37:35,9,"XNS-SMB",0,90,24,"Conn ID: 2462","Conn ID: A197",="52.3Com  BE91A4",="52.0020AF6C2BBC",,,,,1,1,89,17,,,,,,,,,,,,,,,,,,,,,,,0,60,3872,,,,2,0,,0,,30,30,76,76,,,,,,,0,0,,,,,,,4,1,,,,,,,,,,,,,,,,,,,,,,,,,,,,,,,,,0,0,,,,0,4,,,0,0,0,,0,,,,,0,,,,,0,0,0,0,0,
504,116,15,6/2/95 03:30:21,6/2/95 03:43:21,8,"Novell NetWare",0,114,4,"Conn ID: 2",,="2F098E0B.1",="2ED274A6.1",="ODIN",="NGC____________________________",,,1,1,42,2,,,,,,,,,,,,,,,,,,,,,,,2,74,6760,37,37,,37,0,,0,,,,,,,,,,,,,,,,,,,,,,,,,,,,,,,,,,,,,,,,,,,,,,,,,,,,,,0,0,,,,,,,,,,0,,0,,,,,,,,,,0,0,0,0,0,
504,108,19,6/2/95 03:30:19,6/2/95 03:30:47,9,"XNS-SPP",0,43,107,"Conn ID: FFFF","Conn ID: 267E",="52.0020AF413EB7",="21.002094012D7A",,,,,1,1,41,42,,,,,,,,,,,,,,,,,,,,,,,2,20,1200,,,,,,,,,0,20,0,80,,,,,,,0,0,,,,,,,,,,,,,,,,,,,,,,,,,,,,,,,,,,,,,,,,,0,0,,,,0,0,,,0,0,0,,0,,,,,0,,,,,,,,,,
504,121,16,6/2/95 03:30:22,6/2/95 03:44:38,6,"NetBIOS Session Service",0,21,119,"Port: 1189","Port: 139",="[161.69.133.49]",="[161.69.3.228]",,,,,1,1,17,42,,,,,,,,,,,,,,,,,,,,,,,3,60,6080,,,,,,,,,40,20,1360,1360,,,,,,,0,0,,,,,,,108,31,,,,,,,,,0,0,,,7332,7468,8760,8760,0,0,,,,,,,,,,,,,,,0,0,0,,,0,0,19,0,0,0,,,,,,0,,,,,,,,,,,,
504,113,19,6/2/95 03:30:21,6/2/95 03:44:49,9,"XNS-NETBIOS",0,111,112,"Conn ID: 8006","Conn ID: A00F",="52.0020AF1A7857",="52.WstDig91252D",="KPETERSEN",="BART",,,1,1,109,110,,,,,,,,,,,,,,,,,,,,,,,0,112,6944,,,,,,,,,56,56,0,0,,,,,,,0,0,,,,,,,,,,,,,,,,,,,,,,,,,,,,,,,,,,,,,,,,,0,0,,,,0,0,,,0,0,0,,0,,,,,0,,,,,,,,,,
504,133,19,6/2/95 03:30:23,6/2/95 03:31:49,9,"XNS-SMB",0,24,111,"Conn ID: 8214","Conn ID: 6032",="52.0020AF6C2BBC",="52.0020AF1A7857",,="KPETERSEN",,,1,1,17,109,,,,,,,,,,,,,,,,,,,,,,,0,16,1144,,,,2,0,,0,,8,8,76,76,,,,,,,0,0,,,,,,,2,2,,,,,,,,,,,,,,,,,,,,,,,,,,,,,,,,,0,0,,,,0,4,,,0,0,0,,0,,,,,0,,,,,0,0,0,0,0,
504,137,19,6/2/95 03:30:26,6/2/95 03:36:46,9,"XNS-SMB",0,136,24,"Conn ID: 206C","Conn ID: 46E4",="52.3Com  B9EFFC",="52.0020AF6C2BBC",,,,,1,1,135,17,,,,,,,,,,,,,,,,,,,,,,,0,53,3438,,,,2,0,,0,,27,26,76,76,,,,,,,0,0,,,,,,,1,1,,,,,,,,,,,,,,,,,,,,,,,,,,,,,,,,,0,0,,,,0,4,,,0,0,0,,0,,,,,0,,,,,0,0,0,0,0,
504,139,19,6/2/95 03:30:29,6/2/95 03:44:49,9,"XNS-SMB",0,111,138,"Conn ID: 2031","Conn ID: 20BD",="52.0020AF1A7857",="52.0020AF06B9F7",="KPETERSEN",,,,1,1,109,19,,,,,,,,,,,,,,,,,,,,,,,0,111,7092,,,,1,0,,0,,55,56,92,118,,,,,,,0,0,,,,,,,5,290,,,,,,,,,,,,,,,,,,,,,,,,,,,,,,,,,0,0,,,,0,2,,,0,0,0,,0,,,,,0,,,,,0,0,0,0,0,
504,148,19,6/2/95 03:30:47,6/2/95 03:31:15,9,"XNS-SPP",0,43,44,"Conn ID: FFFF","Conn ID: 33AD",="52.0020AF413EB7",="21.002094012D88",,,,,1,1,41,42,,,,,,,,,,,,,,,,,,,,,,,2,20,1200,,,,,,,,,0,20,0,80,,,,,,,0,0,,,,,,,,,,,,,,,,,,,,,,,,,,,,,,,,,,,,,,,,,0,0,,,,0,0,,,0,0,0,,0,,,,,0,,,,,,,,,,
504,151,15,6/2/95 03:30:50,6/2/95 03:44:49,8,"Novell NetWare",0,4,149,"Conn ID: 7",,="2ED274A6.1",="DAD.1",="NGC____________________________",="MOM",,,1,1,2,42,,,,,,,,,,,,,,,,,,,,,,,2,88,7304,45,43,,42,0,,0,,,,,,,,,,,,,,,,,,,,,,,,,,,,,,,,,,,,,,,,,,,,,,,,,,,,,,3,0,,,,,,,,,,0,,0,,,,,,,,,,0,0,0,0,0,
504,147,15,6/2/95 03:30:42,6/2/95 03:44:45,8,"Novell NetWare",0,4,142,"Conn ID: 24",,="2ED274A6.1",="52.Castel387CBA",="NGC____________________________",="OKI",,,1,1,2,141,,,,,,,,,,,,,,,,,,,,,,,0,168,12264,84,84,,60,0,,0,,,,,,,,,,,,,,,,,,,,,,,,,,,,,,,,,,,,,,,,,,,,,,,,,,,,,,12,0,,,,,,,,,,0,,0,,,,,,,,,,0,0,0,0,0,
504,156,15,6/2/95 03:30:55,6/2/95 03:44:59,8,"Novell NetWare",0,4,142,"Conn ID: 255",,="2ED274A6.1",="52.Castel387CBA",="NGC____________________________",="OKI",,,1,1,2,141,,,,,,,,,,,,,,,,,,,,,,,0,490,29400,245,245,,1,0,,0,,,,,,,,,,,,,,,,,,,,,,,,,,,,,,,,,,,,,,,,,,,,,,,,,,,,,,233,0,,,,,,,,,,0,,0,,,,,,,,,,0,0,0,0,0,
504,170,19,6/2/95 03:31:01,6/2/95 03:41:07,9,"XNS-SMB",0,24,168,"Conn ID: 6507","Conn ID: 45B3",="52.0020AF6C2BBC",="52.0020AF534D3C",,,,,1,1,17,167,,,,,,,,,,,,,,,,,,,,,,,0,86,7448,,,,6,0,,0,,43,43,1450,666,,,,,,,0,0,,,,,,,3,57,,,,,,,,,,,,,,,,,,,,,,,,,,,,,,,,,0,0,,,,0,11,,,0,0,0,,0,,,,,0,,,,,0,0,0,0,0,
504,172,19,6/2/95 03:31:02,6/2/95 03:31:30,9,"XNS-SPP",0,43,107,"Conn ID: FFFF","Conn ID: 1644",="52.0020AF413EB7",="21.002094012D7A",,,,,1,1,41,42,,,,,,,,,,,,,,,,,,,,,,,2,20,1200,,,,,,,,,0,20,0,80,,,,,,,0,0,,,,,,,,,,,,,,,,,,,,,,,,,,,,,,,,,,,,,,,,,0,0,,,,0,0,,,0,0,0,,0,,,,,0,,,,,,,,,,
504,104,17,6/2/95 03:30:16,6/2/95 03:44:08,7,"Network Time",0,101,103,"Port: 123","Port: 123",="[198.145.88.33]",="[161.69.133.118]",="escargot.dev.com",="protools.com",,,1,1,42,100,,,,,,,,,,,,,,,,,,,,,,,0,28,2520,,,,,,,,,14,14,672,672,,,,,,,,,,,,,,,,,,,,,,,,,,,,,,,,,,,,,,,,,,,,,0,0,,,,,0,,,,,,,,,,,,,,0,,,,,,,,,,,,
504,244,19,6/2/95 03:31:47,6/2/95 03:32:15,9,"XNS-SPP",0,43,44,"Conn ID: FFFF","Conn ID: E5F4",="52.0020AF413EB7",="21.002094012D88",,,,,1,1,41,42,,,,,,,,,,,,,,,,,,,,,,,2,20,1200,,,,,,,,,0,20,0,80,,,,,,,0,0,,,,,,,,,,,,,,,,,,,,,,,,,,,,,,,,,,,,,,,,,0,0,,,,0,0,,,0,0,0,,0,,,,,0,,,,,,,,,,
504,246,17,6/2/95 03:31:56,6/2/95 03:44:29,7,"NetBIOS",0,21,119,"Port: 137","Port: 137",="[161.69.133.49]",="[161.69.3.228]",,,,,1,1,17,42,,,,,,,,,,,,,,,,,,,,,,,3,20,1900,,,,,,,,,10,10,500,560,,,,,,,,,,,,,,,,,,,,,,,,,,,,,,,,,,,,,,,,,,,,,0,0,,,,,0,,,,,,,,,,,,,,0,,,,,,,,,,,,
504,249,19,6/2/95 03:32:06,6/2/95 03:32:34,9,"XNS-SPP",0,43,107,"Conn ID: FFFF","Conn ID: 94D5",="52.0020AF413EB7",="21.002094012D7A",,,,,1,1,41,42,,,,,,,,,,,,,,,,,,,,,,,2,20,1200,,,,,,,,,0,20,0,80,,,,,,,0,0,,,,,,,,,,,,,,,,,,,,,,,,,,,,,,,,,,,,,,,,,0,0,,,,0,0,,,0,0,0,,0,,,,,0,,,,,,,,,,
504,258,15,6/2/95 03:32:17,6/2/95 03:45:00,8,"Novell NetWare",0,4,149,"Conn ID: 98",,="2ED274A6.1",="DAD.1",="NGC____________________________",="MOM",,,1,1,2,42,,,,,,,,,,,,,,,,,,,,,,,2,291,40460,146,145,,146,0,,0,,,,,,,,,,,,,,,,,,,,,,,,,,,,,,,,,,,,,,,,,,,,,,,,,,,,,,0,0,,,,,,,,,,0,,0,,,,,,,,,,0,0,0,11,0,
504,270,15,6/2/95 03:32:44,6/2/95 03:42:44,8,"Novell NetWare",0,4,154,"Conn ID: 72",,="2ED274A6.1",="52.00805F88FE67",="NGC____________________________",,,,1,1,2,25,,,,,,,,,,,,,,,,,,,,,,,0,30,2034,15,15,,15,0,,0,,,,,,,,,,,,,,,,,,,,,,,,,,,,,,,,,,,,,,,,,,,,,,,,,,,,,,0,0,,,,,,,,,,0,,0,,,,,,,,,,0,0,0,0,0,
504,165,16,6/2/95 03:30:59,6/2/95 03:44:59,6,"X Windows",0,162,163,"Port: 6000","Port: 2491",="[161.69.133.153]",="[161.69.13.102]",,,,,1,1,161,42,,,,,,,,,,,,,,,,,,,,,,,2,15,900,,,,,,,,,0,15,0,15,,,,,,,0,0,,,,,,,,,,,,,,,,,0,0,,,,8192,,8192,,14,,60,,,,,,,,,,,,,0,0,0,,,0,0,0,0,0,0,,,,,,0,,,,,,,,,,,,
504,272,19,6/2/95 03:33:00,6/2/95 03:33:27,9,"XNS-SPP",0,43,44,"Conn ID: FFFF","Conn ID: 7879",="52.0020AF413EB7",="21.002094012D88",,,,,1,1,41,42,,,,,,,,,,,,,,,,,,,,,,,2,20,1200,,,,,,,,,0,20,0,80,,,,,,,0,0,,,,,,,,,,,,,,,,,,,,,,,,,,,,,,,,,,,,,,,,,0,0,,,,0,0,,,0,0,0,,0,,,,,0,,,,,,,,,,
504,274,19,6/2/95 03:33:06,6/2/95 03:33:34,9,"XNS-SPP",0,43,107,"Conn ID: FFFF","Conn ID: CBA1",="52.0020AF413EB7",="21.002094012D7A",,,,,1,1,41,42,,,,,,,,,,,,,,,,,,,,,,,2,20,1200,,,,,,,,,0,20,0,80,,,,,,,0,0,,,,,,,,,,,,,,,,,,,,,,,,,,,,,,,,,,,,,,,,,0,0,,,,0,0,,,0,0,0,,0,,,,,0,,,,,,,,,,
504,281,19,6/2/95 03:33:47,6/2/95 03:43:50,9,"XNS-SMB",0,24,111,"Conn ID: 8215","Conn ID: 6033",="52.0020AF6C2BBC",="52.0020AF1A7857",,="KPETERSEN",,,1,1,17,109,,,,,,,,,,,,,,,,,,,,,,,0,86,7444,,,,6,0,,0,,43,43,1446,666,,,,,,,0,0,,,,,,,2,56,,,,,,,,,,,,,,,,,,,,,,,,,,,,,,,,,0,0,,,,0,11,,,0,0,0,,0,,,,,0,,,,,0,0,0,0,0,
504,283,19,6/2/95 03:33:48,6/2/95 03:34:16,9,"XNS-SPP",0,43,44,"Conn ID: FFFF","Conn ID: 65CF",="52.0020AF413EB7",="21.002094012D88",,,,,1,1,41,42,,,,,,,,,,,,,,,,,,,,,,,2,20,1200,,,,,,,,,0,20,0,80,,,,,,,0,0,,,,,,,,,,,,,,,,,,,,,,,,,,,,,,,,,,,,,,,,,0,0,,,,0,0,,,0,0,0,,0,,,,,0,,,,,,,,,,
504,284,15,6/2/95 03:33:53,6/2/95 03:39:54,8,"Novell NetWare",0,4,190,"Conn ID: 91",,="2ED274A6.1",="52.0020AFD39855",="NGC____________________________",,,,1,1,2,189,,,,,,,,,,,,,,,,,,,,,,,0,20,1356,10,10,,10,0,,0,,,,,,,,,,,,,,,,,,,,,,,,,,,,,,,,,,,,,,,,,,,,,,,,,,,,,,0,0,,,,,,,,,,0,,0,,,,,,,,,,0,0,0,0,0,
504,287,19,6/2/95 03:34:06,6/2/95 03:34:33,9,"XNS-SPP",0,43,107,"Conn ID: FFFF","Conn ID: C79C",="52.0020AF413EB7",="21.002094012D7A",,,,,1,1,41,42,,,,,,,,,,,,,,,,,,,,,,,2,20,1200,,,,,,,,,0,20,0,80,,,,,,,0,0,,,,,,,,,,,,,,,,,,,,,,,,,,,,,,,,,,,,,,,,,0,0,,,,0,0,,,0,0,0,,0,,,,,0,,,,,,,,,,
504,299,19,6/2/95 03:34:47,6/2/95 03:35:15,9,"XNS-SPP",0,43,44,"Conn ID: FFFF","Conn ID: AA04",="52.0020AF413EB7",="21.002094012D88",,,,,1,1,41,42,,,,,,,,,,,,,,,,,,,,,,,2,20,1200,,,,,,,,,0,20,0,80,,,,,,,0,0,,,,,,,,,,,,,,,,,,,,,,,,,,,,,,,,,,,,,,,,,0,0,,,,0,0,,,0,0,0,,0,,,,,0,,,,,,,,,,
504,301,15,6/2/95 03:34:50,6/2/95 03:40:50,8,"Novell NetWare",0,4,300,"Conn ID: 22",,="2ED274A6.1",="52.0020AF19CB0C",="NGC____________________________",,,,1,1,2,55,,,,,,,,,,,,,,,,,,,,,,,0,8,552,4,4,,4,0,,0,,,,,,,,,,,,,,,,,,,,,,,,,,,,,,,,,,,,,,,,,,,,,,,,,,,,,,0,0,,,,,,,,,,0,,0,,,,,,,,,,0,0,0,0,0,
504,303,19,6/2/95 03:35:28,6/2/95 03:35:55,9,"XNS-SPP",0,43,107,"Conn ID: FFFF","Conn ID: 49C9",="52.0020AF413EB7",="21.002094012D7A",,,,,1,1,41,42,,,,,,,,,,,,,,,,,,,,,,,2,20,1200,,,,,,,,,0,20,0,80,,,,,,,0,0,,,,,,,,,,,,,,,,,,,,,,,,,,,,,,,,,,,,,,,,,0,0,,,,0,0,,,0,0,0,,0,,,,,0,,,,,,,,,,
504,307,13,6/2/95 03:35:41,6/2/95 03:35:41,11,"IBM-NETBIOS",1,17,19,"Session id: 11","Session id: 54",="0020AF6C2BBC",="0020AF06B9F7",,,,,,,,,,,,,,,,,,,,,,,,,,,,,,,0,3,333,,,,1,0,,0,,,,,,,,,,,,,,,,,,,,,,,,,,,,,,,,,,,,,,,,,,,,,,,,,,,,,,,,,,,,,,,,,,,,,,,,,,,,,0,0,0,0,0,
504,312,16,6/2/95 03:35:46,6/2/95 03:35:54,6,"NNTP",0,311,247,"Port: 1374","Port: 119",="[161.69.134.70]",="[161.69.2.1]",,="thor.ngc.com",,"Disconnected",1,1,27,42,,,,,,,,,,,,,,,,,,,,,,,3,283,211308,,,,,,,,,141,142,25,195143,,,,,,,0,1,,874,,,,,3,31,,,,,,,,,0,0,,,4096,32768,4096,32768,0,0,,,,,,,,,,,,,,,1,0,0,,,0,0,0,0,0,1,,,,,,0,,,,,,,,,,,,
504,313,19,6/2/95 03:35:47,6/2/95 03:36:15,9,"XNS-SPP",0,43,44,"Conn ID: FFFF","Conn ID: 457E",="52.0020AF413EB7",="21.002094012D88",,,,,1,1,41,42,,,,,,,,,,,,,,,,,,,,,,,2,20,1200,,,,,,,,,0,20,0,80,,,,,,,0,0,,,,,,,,,,,,,,,,,,,,,,,,,,,,,,,,,,,,,,,,,0,0,,,,0,0,,,0,0,0,,0,,,,,0,,,,,,,,,,
504,314,15,6/2/95 03:35:50,6/2/95 03:35:51,8,"Novell NetWare",0,114,4,"Conn ID: 50",,="2F098E0B.1",="2ED274A6.1",="ODIN",="NGC____________________________",,,1,1,42,2,,,,,,,,,,,,,,,,,,,,,,,2,10,1188,5,5,,5,0,,0,,,,,,,,,,,,,,,,,,,,,,,,,,,,,,,,,,,,,,,,,,,,,,,,,,,,,,0,0,,,,,,,,,,0,,0,,,,,,,,,,0,0,0,0,0,
504,319,16,6/2/95 03:36:03,6/2/95 03:44:59,6,"Telnet",0,311,317,"Port: 1375","Port: 23",="[161.69.134.70]",="[134.10.2.46]",,="remus.reed.edu",,"Connected",1,1,27,42,,,,,,,,,,,,,,,,,,,,,,,1,792,119921,,,,,,,,,413,379,258,74070,,,,,,,17,26,1168,1608,,,,,103,133,,,,,,,,,0,0,,,3584,16378,4096,16384,0,0,,,,,,,,,,,,,,,42,1,0,,,0,0,0,0,0,9,,,,,,0,,,,,,,,,,,,
504,316,19,6/2/95 03:36:01,6/2/95 03:36:29,9,"XNS-SPP",0,43,107,"Conn ID: FFFF","Conn ID: 71D8",="52.0020AF413EB7",="21.002094012D7A",,,,,1,1,41,42,,,,,,,,,,,,,,,,,,,,,,,2,20,1200,,,,,,,,,0,20,0,80,,,,,,,0,0,,,,,,,,,,,,,,,,,,,,,,,,,,,,,,,,,,,,,,,,,0,0,,,,0,0,,,0,0,0,,0,,,,,0,,,,,,,,,,
504,330,17,6/2/95 03:36:08,6/2/95 03:36:18,7,"NetBIOS",0,322,329,"Port: 138","Port: 138",="[161.69.135.151]",="[161.69.3.245]",,,,,1,1,27,42,,,,,,,,,,,,,,,,,,,,,,,5,3,948,,,,,,,,,3,0,822,0,,,,,,,,,,,,,,,,,,,,,,,,,,,,,,,,,,,,,,,,,,,,,0,0,,,,,0,,,,,,,,,,,,,,0,,,,,,,,,,,,
504,333,17,6/2/95 03:36:08,6/2/95 03:36:18,7,"NetBIOS",0,328,329,"Port: 138","Port: 138",="[161.69.133.111]",="[161.69.3.245]",="bart.protools.com",,,,1,1,27,42,,,,,,,,,,,,,,,,,,,,,,,3,3,948,,,,,,,,,3,0,822,0,,,,,,,,,,,,,,,,,,,,,,,,,,,,,,,,,,,,,,,,,,,,,0,0,,,,,0,,,,,,,,,,,,,,0,,,,,,,,,,,,
504,335,19,6/2/95 03:36:47,6/2/95 03:37:15,9,"XNS-SPP",0,43,44,"Conn ID: FFFF","Conn ID: 5602",="52.0020AF413EB7",="21.002094012D88",,,,,1,1,41,42,,,,,,,,,,,,,,,,,,,,,,,2,20,1200,,,,,,,,,0,20,0,80,,,,,,,0,0,,,,,,,,,,,,,,,,,,,,,,,,,,,,,,,,,,,,,,,,,0,0,,,,0,0,,,0,0,0,,0,,,,,0,,,,,,,,,,
504,339,15,6/2/95 03:37:00,6/2/95 03:37:00,8,"Novell NetWare",0,4,338,"Conn ID: 10",,="2ED274A6.1",="52.0020AF259770",="NGC____________________________",,,,1,1,2,260,,,,,,,,,,,,,,,,,,,,,,,0,20,3854,10,10,,10,0,,0,,,,,,,,,,,,,,,,,,,,,,,,,,,,,,,,,,,,,,,,,,,,,,,,,,,,,,0,0,,,,,,,,,,0,,0,,,,,,,,,,0,0,0,0,0,
504,341,19,6/2/95 03:37:06,6/2/95 03:37:34,9,"XNS-SPP",0,43,107,"Conn ID: FFFF","Conn ID: 954A",="52.0020AF413EB7",="21.002094012D7A",,,,,1,1,41,42,,,,,,,,,,,,,,,,,,,,,,,2,20,1200,,,,,,,,,0,20,0,80,,,,,,,0,0,,,,,,,,,,,,,,,,,,,,,,,,,,,,,,,,,,,,,,,,,0,0,,,,0,0,,,0,0,0,,0,,,,,0,,,,,,,,,,
504,346,19,6/2/95 03:38:06,6/2/95 03:38:34,9,"XNS-SPP",0,43,107,"Conn ID: FFFF","Conn ID: 43B9",="52.0020AF413EB7",="21.002094012D7A",,,,,1,1,41,42,,,,,,,,,,,,,,,,,,,,,,,2,20,1200,,,,,,,,,0,20,0,80,,,,,,,0,0,,,,,,,,,,,,,,,,,,,,,,,,,,,,,,,,,,,,,,,,,0,0,,,,0,0,,,0,0,0,,0,,,,,0,,,,,,,,,,
504,347,19,6/2/95 03:38:08,6/2/95 03:38:36,9,"XNS-SPP",0,43,44,"Conn ID: FFFF","Conn ID: EBB2",="52.0020AF413EB7",="21.002094012D88",,,,,1,1,41,42,,,,,,,,,,,,,,,,,,,,,,,2,20,1200,,,,,,,,,0,20,0,80,,,,,,,0,0,,,,,,,,,,,,,,,,,,,,,,,,,,,,,,,,,,,,,,,,,0,0,,,,0,0,,,0,0,0,,0,,,,,0,,,,,,,,,,
504,349,19,6/2/95 03:38:43,6/2/95 03:44:35,9,"XNS-SMB",0,136,24,"Conn ID: 206D","Conn ID: 46E5",="52.3Com  B9EFFC",="52.0020AF6C2BBC",,,,,1,1,135,17,,,,,,,,,,,,,,,,,,,,,,,0,54,5308,,,,4,0,,0,,27,27,590,1370,,,,,,,0,0,,,,,,,70,3,,,,,,,,,,,,,,,,,,,,,,,,,,,,,,,,,0,0,,,,0,7,,,0,0,0,,0,,,,,0,,,,,0,0,0,0,0,
504,352,16,6/2/95 03:38:45,6/2/95 03:38:45,6,"NetBIOS Session Service",0,351,21,"Port: 1949","Port: 139",="[161.69.133.106]",="[161.69.133.49]",,,,"Disconnected",1,1,18,17,,,,,,,,,,,,,,,,,,,,,,,0,7,560,,,,,,,,,4,3,82,82,,,,,,,0,0,,,,,,,1,1,,,,,,,,,0,0,,,7864,8000,7946,8043,0,0,,,,,,,,,,,,,,,0,0,0,,,0,0,0,0,0,0,,,,,,0,,,,,,,,,,,,
504,354,19,6/2/95 03:38:47,6/2/95 03:39:15,9,"XNS-SPP",0,43,44,"Conn ID: FFFF","Conn ID: DC3A",="52.0020AF413EB7",="21.002094012D88",,,,,1,1,41,42,,,,,,,,,,,,,,,,,,,,,,,2,20,1200,,,,,,,,,0,20,0,80,,,,,,,0,0,,,,,,,,,,,,,,,,,,,,,,,,,,,,,,,,,,,,,,,,,0,0,,,,0,0,,,0,0,0,,0,,,,,0,,,,,,,,,,
504,355,19,6/2/95 03:39:06,6/2/95 03:39:34,9,"XNS-SPP",0,43,107,"Conn ID: FFFF","Conn ID: 9CDC",="52.0020AF413EB7",="21.002094012D7A",,,,,1,1,41,42,,,,,,,,,,,,,,,,,,,,,,,2,20,1200,,,,,,,,,0,20,0,80,,,,,,,0,0,,,,,,,,,,,,,,,,,,,,,,,,,,,,,,,,,,,,,,,,,0,0,,,,0,0,,,0,0,0,,0,,,,,0,,,,,,,,,,
504,358,19,6/2/95 03:39:32,6/2/95 03:44:56,9,"XNS-SMB",0,90,24,"Conn ID: 2463","Conn ID: A198",="52.3Com  BE91A4",="52.0020AF6C2BBC",,,,,1,1,89,17,,,,,,,,,,,,,,,,,,,,,,,0,50,5064,,,,4,0,,0,,25,25,590,1374,,,,,,,0,0,,,,,,,69,3,,,,,,,,,,,,,,,,,,,,,,,,,,,,,,,,,0,0,,,,0,7,,,0,0,0,,0,,,,,0,,,,,0,0,0,0,0,
504,361,19,6/2/95 03:39:47,6/2/95 03:40:15,9,"XNS-SPP",0,43,44,"Conn ID: FFFF","Conn ID: FBC0",="52.0020AF413EB7",="21.002094012D88",,,,,1,1,41,42,,,,,,,,,,,,,,,,,,,,,,,2,20,1200,,,,,,,,,0,20,0,80,,,,,,,0,0,,,,,,,,,,,,,,,,,,,,,,,,,,,,,,,,,,,,,,,,,0,0,,,,0,0,,,0,0,0,,0,,,,,0,,,,,,,,,,
504,368,19,6/2/95 03:40:18,6/2/95 03:40:46,9,"XNS-SPP",0,43,107,"Conn ID: FFFF","Conn ID: AD4C",="52.0020AF413EB7",="21.002094012D7A",,,,,1,1,41,42,,,,,,,,,,,,,,,,,,,,,,,2,20,1200,,,,,,,,,0,20,0,80,,,,,,,0,0,,,,,,,,,,,,,,,,,,,,,,,,,,,,,,,,,,,,,,,,,0,0,,,,0,0,,,0,0,0,,0,,,,,0,,,,,,,,,,
504,371,16,6/2/95 03:40:44,6/2/95 03:40:44,6,"NetBIOS Session Service",0,351,21,"Port: 1950","Port: 139",="[161.69.133.106]",="[161.69.133.49]",,,,"Connected",1,1,18,17,,,,,,,,,,,,,,,,,,,,,,,0,14,2274,,,,,,,,,8,6,678,814,,,,,,,0,0,,,,,,,33,2,,,,,,,,,0,0,,,7946,8082,8760,8760,0,0,,,,,,,,,,,,,,,0,0,0,,,0,0,0,0,0,0,,,,,,0,,,,,,,,,,,,
504,372,19,6/2/95 03:40:47,6/2/95 03:41:15,9,"XNS-SPP",0,43,44,"Conn ID: FFFF","Conn ID: CBA8",="52.0020AF413EB7",="21.002094012D88",,,,,1,1,41,42,,,,,,,,,,,,,,,,,,,,,,,2,20,1200,,,,,,,,,0,20,0,80,,,,,,,0,0,,,,,,,,,,,,,,,,,,,,,,,,,,,,,,,,,,,,,,,,,0,0,,,,0,0,,,0,0,0,,0,,,,,0,,,,,,,,,,
504,374,19,6/2/95 03:41:01,6/2/95 03:41:29,9,"XNS-SPP",0,43,107,"Conn ID: FFFF","Conn ID: 5F1B",="52.0020AF413EB7",="21.002094012D7A",,,,,1,1,41,42,,,,,,,,,,,,,,,,,,,,,,,2,20,1200,,,,,,,,,0,20,0,80,,,,,,,0,0,,,,,,,,,,,,,,,,,,,,,,,,,,,,,,,,,,,,,,,,,0,0,,,,0,0,,,0,0,0,,0,,,,,0,,,,,,,,,,
504,375,19,6/2/95 03:41:47,6/2/95 03:42:15,9,"XNS-SPP",0,43,44,"Conn ID: FFFF","Conn ID: 3E84",="52.0020AF413EB7",="21.002094012D88",,,,,1,1,41,42,,,,,,,,,,,,,,,,,,,,,,,2,20,1200,,,,,,,,,0,20,0,80,,,,,,,0,0,,,,,,,,,,,,,,,,,,,,,,,,,,,,,,,,,,,,,,,,,0,0,,,,0,0,,,0,0,0,,0,,,,,0,,,,,,,,,,
504,376,19,6/2/95 03:42:06,6/2/95 03:42:34,9,"XNS-SPP",0,43,107,"Conn ID: FFFF","Conn ID: 4103",="52.0020AF413EB7",="21.002094012D7A",,,,,1,1,41,42,,,,,,,,,,,,,,,,,,,,,,,2,20,1200,,,,,,,,,0,20,0,80,,,,,,,0,0,,,,,,,,,,,,,,,,,,,,,,,,,,,,,,,,,,,,,,,,,0,0,,,,0,0,,,0,0,0,,0,,,,,0,,,,,,,,,,
504,384,16,6/2/95 03:42:33,6/2/95 03:42:33,6,"Domain",0,103,247,"Port: 53","Port: 1660",="[161.69.133.118]",="[161.69.2.1]",="protools.com",="thor.ngc.com",,"Disconnected",1,1,100,42,,,,,,,,,,,,,,,,,,,,,,,2,9,647,,,,,,,,,4,5,83,36,,,,,,,0,0,,,,,,,6,27,,,,,,,,,0,0,,,4096,32768,4096,32768,0,0,,,,,,,,,,,,,,,0,0,0,,,0,0,0,0,0,0,,,,,,0,,,,,,,,,,,,
504,386,16,6/2/95 03:42:33,6/2/95 03:42:33,6,"Domain",0,103,247,"Port: 53","Port: 1661",="[161.69.133.118]",="[161.69.2.1]",="protools.com",="thor.ngc.com",,"Disconnected",1,1,100,42,,,,,,,,,,,,,,,,,,,,,,,2,9,686,,,,,,,,,4,5,115,43,,,,,,,0,0,,,,,,,1,26,,,,,,,,,0,0,,,4096,32768,4096,32768,0,0,,,,,,,,,,,,,,,0,0,0,,,0,0,0,0,0,0,,,,,,0,,,,,,,,,,,,
504,387,16,6/2/95 03:42:33,6/2/95 03:42:33,6,"Domain",0,103,247,"Port: 53","Port: 1662",="[161.69.133.118]",="[161.69.2.1]",="protools.com",="thor.ngc.com",,"Disconnected",1,1,100,42,,,,,,,,,,,,,,,,,,,,,,,2,9,655,,,,,,,,,4,5,95,32,,,,,,,0,0,,,,,,,1,26,,,,,,,,,0,0,,,4096,32768,4096,32768,0,0,,,,,,,,,,,,,,,0,0,0,,,0,0,0,0,0,0,,,,,,0,,,,,,,,,,,,
504,390,19,6/2/95 03:43:01,6/2/95 03:44:43,9,"XNS-SMB",0,24,168,"Conn ID: 6508","Conn ID: 45B4",="52.0020AF6C2BBC",="52.0020AF534D3C",,,,,1,1,17,167,,,,,,,,,,,,,,,,,,,,,,,0,22,3328,,,,4,0,,0,,11,11,1374,590,,,,,,,0,0,,,,,,,4,68,,,,,,,,,,,,,,,,,,,,,,,,,,,,,,,,,0,0,,,,0,7,,,0,0,0,,0,,,,,0,,,,,0,0,0,0,0,
504,388,19,6/2/95 03:43:00,6/2/95 03:43:27,9,"XNS-SPP",0,43,44,"Conn ID: FFFF","Conn ID: 2B56",="52.0020AF413EB7",="21.002094012D88",,,,,1,1,41,42,,,,,,,,,,,,,,,,,,,,,,,2,20,1200,,,,,,,,,0,20,0,80,,,,,,,0,0,,,,,,,,,,,,,,,,,,,,,,,,,,,,,,,,,,,,,,,,,0,0,,,,0,0,,,0,0,0,,0,,,,,0,,,,,,,,,,
504,392,19,6/2/95 03:43:06,6/2/95 03:43:34,9,"XNS-SPP",0,43,107,"Conn ID: FFFF","Conn ID: 2AC0",="52.0020AF413EB7",="21.002094012D7A",,,,,1,1,41,42,,,,,,,,,,,,,,,,,,,,,,,2,20,1200,,,,,,,,,0,20,0,80,,,,,,,0,0,,,,,,,,,,,,,,,,,,,,,,,,,,,,,,,,,,,,,,,,,0,0,,,,0,0,,,0,0,0,,0,,,,,0,,,,,,,,,,
504,393,19,6/2/95 03:43:47,6/2/95 03:44:15,9,"XNS-SPP",0,43,44,"Conn ID: FFFF","Conn ID: 2441",="52.0020AF413EB7",="21.002094012D88",,,,,1,1,41,42,,,,,,,,,,,,,,,,,,,,,,,2,20,1200,,,,,,,,,0,20,0,80,,,,,,,0,0,,,,,,,,,,,,,,,,,,,,,,,,,,,,,,,,,,,,,,,,,0,0,,,,0,0,,,0,0,0,,0,,,,,0,,,,,,,,,,
504,394,19,6/2/95 03:44:06,6/2/95 03:44:33,9,"XNS-SPP",0,43,107,"Conn ID: FFFF","Conn ID: D0E4",="52.0020AF413EB7",="21.002094012D7A",,,,,1,1,41,42,,,,,,,,,,,,,,,,,,,,,,,2,20,1200,,,,,,,,,0,20,0,80,,,,,,,0,0,,,,,,,,,,,,,,,,,,,,,,,,,,,,,,,,,,,,,,,,,0,0,,,,0,0,,,0,0,0,,0,,,,,0,,,,,,,,,,
504,395,19,6/2/95 03:44:47,6/2/95 03:44:58,9,"XNS-SPP",0,43,44,"Conn ID: FFFF","Conn ID: 636B",="52.0020AF413EB7",="21.002094012D88",,,,,1,1,41,42,,,,,,,,,,,,,,,,,,,,,,,2,9,540,,,,,,,,,0,9,0,36,,,,,,,0,0,,,,,,,,,,,,,,,,,,,,,,,,,,,,,,,,,,,,,,,,,0,0,,,,0,0,,,0,0,0,,0,,,,,0,,,,,,,,,,
504,169,19,6/2/95 03:31:01,6/2/95 03:31:01,9,"XNS-NETBIOS",0,24,168,"Conn ID: FFFF","Conn ID: 45B3",="52.0020AF6C2BBC",="52.0020AF534D3C",,,,,1,1,17,167,,,,,,,,,,,,,,,,,,,,,,,0,1,100,,,,,,,,,0,1,0,38,,,,,,,0,0,,,,,,,,,,,,,,,,,,,,,,,,,,,,,,,,,,,,,,,,,0,0,,,,0,0,,,0,0,0,,0,,,,,0,,,,,,,,,,
504,280,19,6/2/95 03:33:47,6/2/95 03:33:47,9,"XNS-NETBIOS",0,24,111,"Conn ID: FFFF","Conn ID: 6033",="52.0020AF6C2BBC",="52.0020AF1A7857",,="KPETERSEN",,,1,1,17,109,,,,,,,,,,,,,,,,,,,,,,,0,1,100,,,,,,,,,0,1,0,38,,,,,,,0,0,,,,,,,,,,,,,,,,,,,,,,,,,,,,,,,,,,,,,,,,,0,0,,,,0,0,,,0,0,0,,0,,,,,0,,,,,,,,,,
504,305,17,6/2/95 03:35:41,6/2/95 03:35:41,7,"Syslog",0,304,247,"Port: 1023","Port: 514",="[161.69.134.254]",="[161.69.2.1]",,="thor.ngc.com",,,1,1,27,42,,,,,,,,,,,,,,,,,,,,,,,3,1,92,,,,,,,,,1,0,50,0,,,,,,,,,,,,,,,,,,,,,,,,,,,,,,,,,,,,,,,,,,,,,0,0,,,,,0,,,,,,,,,,,,,,0,,,,,,,,,,,,
504,348,19,6/2/95 03:38:43,6/2/95 03:38:43,9,"XNS-NETBIOS",0,136,24,"Conn ID: 206D","Conn ID: FFFF",="52.3Com  B9EFFC",="52.0020AF6C2BBC",,,,,1,1,135,17,,,,,,,,,,,,,,,,,,,,,,,0,1,100,,,,,,,,,1,0,38,0,,,,,,,0,0,,,,,,,,,,,,,,,,,,,,,,,,,,,,,,,,,,,,,,,,,0,0,,,,0,0,,,0,0,0,,0,,,,,0,,,,,,,,,,
504,357,19,6/2/95 03:39:32,6/2/95 03:39:32,9,"XNS-NETBIOS",0,90,24,"Conn ID: 2463","Conn ID: FFFF",="52.3Com  BE91A4",="52.0020AF6C2BBC",,,,,1,1,89,17,,,,,,,,,,,,,,,,,,,,,,,0,1,100,,,,,,,,,1,0,38,0,,,,,,,0,0,,,,,,,,,,,,,,,,,,,,,,,,,,,,,,,,,,,,,,,,,0,0,,,,0,0,,,0,0,0,,0,,,,,0,,,,,,,,,,
504,365,16,6/2/95 03:39:51,6/2/95 03:39:51,6,"Remote exec",0,364,163,"Port: 1360","Port: 512",="[161.69.133.152]",="[161.69.13.102]",,,,,1,1,54,42,,,,,,,,,,,,,,,,,,,,,,,2,2,120,,,,,,,,,1,1,0,1,,,,,,,0,0,,,,,,,8,,,,,,,,,,0,0,,,4096,8192,4096,8192,0,0,,,,,,,,,,,,,,,0,0,0,,,0,0,0,0,0,0,,,,,,0,,,,,,,,,,,,
504,370,17,6/2/95 03:40:44,6/2/95 03:40:44,7,"NetBIOS",0,351,21,"Port: 137","Port: 137",="[161.69.133.106]",="[161.69.133.49]",,,,,1,1,18,17,,,,,,,,,,,,,,,,,,,,,,,0,1,104,,,,,,,,,0,1,0,62,,,,,,,,,,,,,,,,,,,,,,,,,,,,,,,,,,,,,,,,,,,,,0,0,,,,,0,,,,,,,,,,,,,,0,,,,,,,,,,,,
504,389,19,6/2/95 03:43:01,6/2/95 03:43:01,9,"XNS-NETBIOS",0,24,168,"Conn ID: FFFF","Conn ID: 45B4",="52.0020AF6C2BBC",="52.0020AF534D3C",,,,,1,1,17,167,,,,,,,,,,,,,,,,,,,,,,,0,1,100,,,,,,,,,0,1,0,38,,,,,,,0,0,,,,,,,,,,,,,,,,,,,,,,,,,,,,,,,,,,,,,,,,,0,0,,,,0,0,,,0,0,0,,0,,,,,0,,,,,,,,,,

0,"Global Symptoms",

0,"Spanning Tree Topology Changes",
1505,Active,StartTime,Duration,Frms,LInitObj,LInitAddr,RPriority1,RPriority2,RId1,RId2,RHello1,RHello2,RDelay1,RDelay2,LPriority1,LPriority2,LObj1,LObj2,LAddr1,LAddr2,LId1,LId2,LCost1,LCost2,

0,"ZIP Storms",
1506,Active,StartTime,Duration,Queries,Samples,Time1,Obj1,Addr1,Network1,Time2,Obj2,Addr2,Network2,Time3,Obj3,Addr3,Network3,Time4,Obj4,Addr4,Network4,Time5,Obj5,Addr5,Network5,Time6,Obj6,Addr6,Network6,Time7,Obj7,Addr7,Network7,Time8,Obj8,Addr8,Network8,

0,"Bursts",
1507,Type,Active,StartTime,Duration,Description,MaxLoad,AvgLoad,MaxDTELoad,MaxDCELoad,MinDTELoad,MinDCELoad,AvgDTELoad,AvgDCELoad,LocalFrms,RemFrms,Broads,Symps,Protocol,Initiator,Frm1Time,

0,"DLC Diagnoses",
1600,Type,Active,StartTime,Duration,Description,Obj,Protocol,Addr,Name,

0,"Network Station Diagnoses",
1601,Type,Active,StartTime,Duration,Description,Obj,Protocol,Addr,Name,
601,9,1,6/2/95 03:36:08,531890,"Multiple routers to station [161.69.135.151]",322,"IP",="[161.69.135.151]",,

0,"Connection Diagnoses",
1602,Type,Active,StartTime,Duration,Description,Obj,DLCCnx,Obj1,Obj2,ApplID1,ApplID2,Addr1,Addr2,Name1,Name2,
602,6,1,6/2/95 03:30:57,842490,"Retransmissions: NGC____________________________ & OKI",156,0,4,142,"Conn ID: 255",,="2ED274A6.1",="52.Castel387CBA",="NGC____________________________",="OKI",
602,5,0,6/2/95 03:39:18,67,"Non-responsive station: remus.reed.edu",319,0,311,317,"Port: 1375","Port: 23",="[161.69.134.70]",="[134.10.2.46]",,="remus.reed.edu",
602,5,0,6/2/95 03:40:59,50,"Non-responsive station: NGC____________________________",151,0,4,149,"Conn ID: 7",,="2ED274A6.1",="DAD.1",="NGC____________________________",="MOM",

0,"Application Diagnoses",
1603,Type,Active,StartTime,Duration,Description,NetObj,Obj,DLCCnx,Obj1,Obj2,ApplID1,ApplID2,Addr1,Addr2,Name1,Name2,

